\hline Educação & 71\\;
\hline Tecnologia Educacional & 49\\;
\hline Pensamento Computacional & 47\\;
\hline Aprendizagem & 41\\;
\hline Ensino & 33\\;
\hline Tecnologia & 30\\;
\hline Software Educacional & 26\\;
\hline Gamificação & 21\\;
\hline Inclusão Digital & 21\\;
\hline Licenciatura Em Computação & 20\\;
\hline Computação & 18\\;
\hline Educação Básica & 18\\;
\hline Ensino Remoto & 17\\;
\hline Inteligência Artificial & 17\\;
\hline Matemática & 17\\;
\hline Tecnologias Educacionais & 17\\;
\hline Ensino Fundamental & 16\\;
\hline Educação Inclusiva & 15\\;
\hline Ensino De Computação & 15\\;
\hline Informática & 15\\;
\hline Jogos Educativos & 15\\;
\hline Programação & 15\\;
\hline Realidade Aumentada & 15\\;
\hline Tecnologia Assistiva & 15\\;
\hline Computação Desplugada & 14\\;
\hline Educação Especial & 14\\;
\hline Estudo De Caso & 14\\;
\hline Informática Educativa & 14\\;
\hline Moodle & 14\\;
\hline Tecnologias Digitais & 14\\;
\hline Ensino-Aprendizagem & 13\\;
\hline Educação A Distância & 12\\;
\hline Informática Na Educação & 12\\;
\hline Pandemia & 12\\;
\hline Tecnologia Da Informação E Comunicação & 12\\;
\hline Formação Docente & 11\\;
\hline Jogos Educacionais & 11\\;
\hline Mineração De Dados & 11\\;
\hline Educação Infantil & 10\\;
\hline Ensino Médio & 10\\;
\hline Escolas & 10\\;
\hline Formação De Professores & 10\\;
\hline Professores & 10\\;
\hline Robótica Educacional & 10\\;
\hline Tecnologias Digitais Da Informação E Da Comunicação & 10\\;
\hline Alfabetização & 9\\;
\hline Android & 9\\;
\hline Aplicativo & 9\\;
\hline Avaliação & 9\\;
\hline Ensino E Aprendizagem & 9\\;
\hline Ensino Superior & 9\\;
\hline Inclusão & 9\\;
\hline Jogo & 9\\;
\hline Metodologias Ativas & 9\\;
\hline Professor & 9\\;
\hline Scratch & 9\\;
\hline Software & 9\\;
\hline Tics & 9\\;
\hline Aprendizagem Significativa & 8\\;
\hline Deficiência Intelectual & 8\\;
\hline Desenvolvimento De Software & 8\\;
\hline Ensino Remoto Emergencial & 8\\;
\hline Evasão & 8\\;
\hline Jogos & 8\\;
\hline Objeto De Aprendizagem & 8\\;
\hline Programação - Ensino & 8\\;
\hline Robótica & 8\\;
\hline Tecnologias Da Informação E Comunicação & 8\\;
\hline Aluno & 7\\;
\hline Aprendizado De Máquina & 7\\;
\hline Arduino & 7\\;
\hline Educação À Distância & 7\\;
\hline Educação Tecnologica & 7\\;
\hline Ensino De Programação & 7\\;
\hline Lógica De Programação & 7\\;
\hline Segurança Da Informação & 7\\;
\hline Software Educativo & 7\\;
\hline Tecnologia Da Informação & 7\\;
\hline Tic & 7\\;
\hline Acessibilidade & 6\\;
\hline Ambiente Virtual De Aprendizagem & 6\\;
\hline Aprendizagem Ativa & 6\\;
\hline Ciência Da Computação & 6\\;
\hline Covid-19 & 6\\;
\hline Ensino-Aprendizagem - Métodos & 6\\;
\hline Laboratório De Informática & 6\\;
\hline Professores - Práticas Pedagógicas & 6\\;
\hline Softwares Educacionais & 6\\;
\hline Tecnologias Assistivas & 6\\;
\hline Usabilidade & 6\\;
\hline Aprendizagem Baseada Em Problemas & 5\\;
\hline Bncc & 5\\;
\hline Computação Em Nuvem & 5\\;
\hline Desempenho Acadêmico & 5\\;
\hline Ead & 5\\;
\hline Educação De Jovens E Adultos (Eja) & 5\\;
\hline Ensino - Aprendizagem & 5\\;
\hline Escola Pública & 5\\;
\hline Escolas Públicas & 5\\;
\hline Formação & 5\\;
\hline Inovação & 5\\;
\hline Internet Das Coisas & 5\\;
\hline Jogos Digitais & 5\\;
\hline Laboratório De Informática - Escolas & 5\\;
\hline Letramento & 5\\;
\hline Objetos De Aprendizagem & 5\\;
\hline Prática Docente & 5\\;
\hline Prática Pedagógica & 5\\;
\hline Professores - Formação & 5\\;
\hline Realidade Virtual & 5\\;
\hline Recursos Tecnológicos - Ações Pedagógicas & 5\\;
\hline Redes De Computadores & 5\\;
\hline Redes Sociais & 5\\;
\hline Softwares & 5\\;
\hline Softwares Educativos & 5\\;
\hline Alfabetização Digital & 4\\;
\hline Ambiente Virtual & 4\\;
\hline Aplicativos Móveis & 4\\;
\hline Aprendizagem Colaborativa & 4\\;
\hline Autismo & 4\\;
\hline Computação - Estudo E Ensino & 4\\;
\hline Comunicação & 4\\;
\hline Covid-19 - Pandemia & 4\\;
\hline Dados & 4\\;
\hline Desenvolvimento Pessoal & 4\\;
\hline Docência & 4\\;
\hline Educação Ambiental & 4\\;
\hline Educação De Jovens E Adultos & 4\\;
\hline Enade & 4\\;
\hline Engenharia De Software & 4\\;
\hline Ensino-Aprendizagem - Métodos Educacionais & 4\\;
\hline Experiência Do Usuário & 4\\;
\hline Ferramentas & 4\\;
\hline Formação Continuada & 4\\;
\hline Informação & 4\\;
\hline Informática - Educação & 4\\;
\hline Inteligência Emocional & 4\\;
\hline Internet & 4\\;
\hline Jogo De Tabuleiro & 4\\;
\hline Jogos Eletrônicos & 4\\;
\hline Jogos Sérios & 4\\;
\hline Learning Analytics & 4\\;
\hline Letramento Digital & 4\\;
\hline Libras & 4\\;
\hline Língua Portuguesa & 4\\;
\hline Máquina De Turing & 4\\;
\hline Metodologia & 4\\;
\hline Plataforma Digital & 4\\;
\hline Proteção De Dados & 4\\;
\hline Qualidade De Software & 4\\;
\hline Recursos Tecnológicos & 4\\;
\hline Roda Da Vida & 4\\;
\hline Sala De Aula & 4\\;
\hline Segurança & 4\\;
\hline Síndrome De Down & 4\\;
\hline Software Educacional - Gcompris & 4\\;
\hline Software Livre & 4\\;
\hline Tablets & 4\\;
\hline Tecnologia Na Educação & 4\\;
\hline Tecnologias & 4\\;
\hline Tecnologias Da Informação E Comunicação (Tics) & 4\\;
\hline Tecnologias Da Informação E Comunicação (Tic'S) & 4\\;
\hline Tic’S & 4\\;
\hline Unb & 4\\;
\hline Universidade De Brasília & 4\\;
"\hline 	Educação - Tecnologias & 3\\";
\hline Algoritmo & 3\\;
\hline Algoritmos & 3\\;
\hline Alunos & 3\\;
\hline Ambiente Escolar & 3\\;
\hline Análise De Dados & 3\\;
\hline Análise Estatística & 3\\;
\hline Aplicação Móvel & 3\\;
\hline Automação & 3\\;
\hline Ava & 3\\;
\hline Avaliação Da Aprendizagem & 3\\;
\hline Banco De Dados & 3\\;
\hline Basic Education & 3\\;
\hline Capacitação & 3\\;
\hline Ciência Da Computação - Ensino & 3\\;
\hline Computação - Ensino & 3\\;
\hline Computação Educacional & 3\\;
\hline Conhecimento & 3\\;
\hline Deficiência Visual & 3\\;
\hline Desafios & 3\\;
\hline Digital & 3\\;
\hline Dispositivos Móveis & 3\\;
\hline Early Childhood Education & 3\\;
\hline Educação Em Computação & 3\\;
\hline Educação Superior & 3\\;
\hline Educação Tecnológica & 3\\;
\hline Ensino - Metodologia & 3\\;
\hline Ensino Aprendizagem & 3\\;
\hline Ensino De Matemática & 3\\;
\hline Ensino Fundamental - Aprendizagem & 3\\;
\hline Ensino Fundamental - Prática Pedagógica & 3\\;
\hline Ensino Fundamental - Tecnologias & 3\\;
\hline Ensino Híbrido & 3\\;
\hline Ensino-Aprendizagem - Computador & 3\\;
\hline Evasão Escolar & 3\\;
\hline Extensão & 3\\;
\hline Extensão Universitária & 3\\;
\hline Ferramentas Digitais & 3\\;
\hline Ferramentas Tecnológicas & 3\\;
\hline Formação Docente Em Computação & 3\\;
\hline Framework & 3\\;
\hline Gamification & 3\\;
\hline Gcompris & 3\\;
\hline Google Sala De Aula & 3\\;
\hline Grafos & 3\\;
\hline Instrumentos Pedagógicos Tecnológicos & 3\\;
\hline Interação & 3\\;
\hline Interação Humano-Computador & 3\\;
\hline Laboratório Escolar De Informática (Lei) & 3\\;
\hline Laboratórios De Informática & 3\\;
\hline Licenciatura & 3\\;
\hline Linguagem De Programação (Computadores) & 3\\;
\hline Mapeamento & 3\\;
\hline Matemática - Ensino & 3\\;
\hline Metaverso & 3\\;
\hline Mineração De Dados Educacionais & 3\\;
\hline Nosql & 3\\;
\hline Nudges & 3\\;
\hline Otimização & 3\\;
\hline Práticas Pedagógicas & 3\\;
\hline Programação De Computadores & 3\\;
\hline Programming Languages (Computers) & 3\\;
\hline Robótica Na Educação & 3\\;
\hline Santo Amaro (Ba) & 3\\;
\hline Sequência Didática & 3\\;
\hline Serious Games & 3\\;
\hline Sistema & 3\\;
\hline Sistemas De Informação & 3\\;
\hline Sistemas De Informação - Ensino & 3\\;
\hline Técnicas De Aprendizagem & 3\\;
\hline Tecnologia Da Informação E Comunicação - Uso & 3\\;
\hline Tecnologias Digitais Na Educação & 3\\;
\hline Testes Automatizados & 3\\;
\hline Uso De Software & 3\\;
\hline Visão Computacional & 3\\;
\hline Web & 3\\;
\hline Youtube & 3\\;
"\hline 	Inclusão Digital & 2\\";
"\hline 	Informática Educativa & 2\\";
\hline Abordagem Interdisciplinar Do Conhecimento Na Educação & 2\\;
\hline Acessibilidade - Web & 2\\;
\hline Acessibilidade Digital & 2\\;
\hline Alfabetização E Letramento & 2\\;
\hline Ambientar & 2\\;
\hline Ambiente Virtual De Aprendizagem - Ava & 2\\;
\hline Ambiente Virtual De Aprendizagem (Ava) & 2\\;
\hline Ambientes Virtuais & 2\\;
\hline Ambientes Virtuais De Aprendizagem & 2\\;
\hline Análise Bibliométrica & 2\\;
\hline Aplicativo Para Dispositivos Móveis & 2\\;
\hline Aprendizado & 2\\;
\hline Aprendizagem Baseada Em Jogos & 2\\;
\hline Aprendizagem Baseada Em Projetos & 2\\;
\hline Aprendizagem Móvel & 2\\;
\hline Arcabouço & 2\\;
\hline Arduíno & 2\\;
\hline Artificial Intelligence & 2\\;
\hline Assistive Technology & 2\\;
\hline Astronomia & 2\\;
\hline Aulas Remotas & 2\\;
\hline Autonomia & 2\\;
\hline Avaliação De Software & 2\\;
\hline Avaliação Educacional & 2\\;
\hline Base Nacional Comum Curricular & 2\\;
\hline Bibliometrix & 2\\;
\hline Binários & 2\\;
\hline Biologia & 2\\;
\hline Blockchain & 2\\;
\hline Bncc Computação & 2\\;
\hline Bncc Computing & 2\\;
\hline Bncc Da Computação & 2\\;
\hline Body Sensor Network & 2\\;
\hline Braille & 2\\;
\hline Bsn & 2\\;
\hline Campo De Atuação & 2\\;
\hline Cerveja Artesanal & 2\\;
\hline Chatgpt & 2\\;
\hline Cibercultura & 2\\;
\hline Ciência De Dados & 2\\;
\hline Co2 & 2\\;
\hline Code.Org & 2\\;
\hline Computação - Aprendizagem & 2\\;
\hline Computação Em Névoa & 2\\;
\hline Computação Plugada & 2\\;
\hline Computador - Ferramenta Tecnológica & 2\\;
\hline Computador - Recurso Pedagógico & 2\\;
\hline Computadores & 2\\;
\hline Computational Thinking & 2\\;
\hline Computer Education & 2\\;
\hline Computer Teaching & 2\\;
\hline Covid 19 - Pandemia & 2\\;
\hline Covid-19 - Pandemia De 2020  & 2\\;
\hline Crianças & 2\\;
\hline Cultura Digital & 2\\;
\hline Currículos & 2\\;
\hline Curso De Licenciatura Em Computação & 2\\;
\hline Cursos De Computação & 2\\;
\hline Dados Abertos & 2\\;
\hline Dashboard & 2\\;
\hline Decentraland & 2\\;
\hline Desempenho Escolar & 2\\;
\hline Desenvolvimento Web & 2\\;
\hline Design Responsivo & 2\\;
\hline Design Universal & 2\\;
\hline Dificuldades & 2\\;
\hline Digital Inclusion & 2\\;
\hline Discentes & 2\\;
\hline Educação - Informática & 2\\;
\hline Educação - Tecnologias & 2\\;
\hline Educação Continuada & 2\\;
\hline Educação Híbrida & 2\\;
\hline Educação Infantil - Informática & 2\\;
\hline Educação Infantil – Métodos E Técnicas & 2\\;
\hline Educação Popular & 2\\;
\hline Educação Profissional & 2\\;
\hline Educacional & 2\\;
\hline Educador & 2\\;
\hline Educapi & 2\\;
\hline Education & 2\\;
\hline Educational Software & 2\\;
\hline Educational Technology & 2\\;
\hline Egressos & 2\\;
\hline Ensino - Aprendizagem - Tecnologias & 2\\;
\hline Ensino A Distância & 2\\;
\hline Ensino À Distância & 2\\;
\hline Ensino- Aprendizagem & 2\\;
\hline Ensino Aprendizagem – Método & 2\\;
\hline Ensino Da Matemática & 2\\;
\hline Ensino Fundamental - Atividades Pedagógicas & 2\\;
\hline Ensino Fundamental - Matemática & 2\\;
\hline Ensino Fundamental - Recursos Tecnológicos & 2\\;
\hline Ensino Fundamental - Softwares Educativos & 2\\;
\hline Ensino Fundamental - Uso De Tecnologias & 2\\;
\hline Ensino Público & 2\\;
\hline Ensino Via Web & 2\\;
\hline Ensino-Aprendizagem - Método & 2\\;
\hline Estágio & 2\\;
\hline Estrutura De Dados & 2\\;
\hline Estudantes Universitários & 2\\;
\hline Evasão Universitária & 2\\;
\hline Experiências & 2\\;
\hline Ferramenta & 2\\;
\hline Ferramenta Pedagógica & 2\\;
\hline Ferramentas Educacionais & 2\\;
\hline Figma & 2\\;
\hline Física & 2\\;
\hline Formação Profissional & 2\\;
\hline Geografia & 2\\;
\hline Geometria & 2\\;
\hline Gestão Educacional & 2\\;
\hline Gestão Escolar & 2\\;
\hline Google & 2\\;
\hline Hand Talk & 2\\;
\hline Ifba - Campus Santo Amaro & 2\\;
\hline Ifba – Campus Santo Amaro & 2\\;
\hline Inclusão Escolar & 2\\;
\hline Inep & 2\\;
\hline Informática E Educação & 2\\;
\hline Information Technology & 2\\;
\hline Infraestrutura & 2\\;
\hline Inovações Tecnológicas & 2\\;
\hline Interdisciplinaridade & 2\\;
\hline Jogo De Xadrez & 2\\;
\hline Jogo Educacional & 2\\;
\hline Jogos Na Educação & 2\\;
\hline Kdd & 2\\;
\hline Laboratório De Informática Educativa & 2\\;
\hline Laboratório De Informática Escolar & 2\\;
\hline Leitura E Escrita & 2\\;
\hline Lgpd & 2\\;
\hline Lingua Portuguesa - Ensino-Aprendizagem & 2\\;
\hline Linguagem De Programação & 2\\;
\hline Linux & 2\\;
\hline Linux Educacional & 2\\;
\hline Lógica Fuzzy & 2\\;
\hline Ludicidade & 2\\;
\hline Machine Learning & 2\\;
\hline Mapeamento Sistemático & 2\\;
\hline Marketing Digital & 2\\;
\hline Matemática - Ensino E Aprendizagem & 2\\;
\hline Meio Ambiente & 2\\;
\hline Mercado De Trabalho & 2\\;
\hline Meta-Análise & 2\\;
\hline Metodologia Ativa & 2\\;
\hline Metodologias & 2\\;
\hline Mobile Learning & 2\\;
\hline Mulheres Na Tecnologia & 2\\;
\hline Multiplicação & 2\\;
\hline Nativos Digitais & 2\\;
\hline Neo4J & 2\\;
\hline Novas Tecnologias & 2\\;
\hline Observação Da Interação & 2\\;
\hline Orientação Educacional No Ensino Superior & 2\\;
\hline Pandemia Covid-19 & 2\\;
\hline Personalização Do Ensino & 2\\;
\hline Pesquisa & 2\\;
\hline Plataforma & 2\\;
\hline Point Of Sale & 2\\;
\hline Políticas Educacionais & 2\\;
\hline Políticas Públicas Educacionais & 2\\;
\hline Práticas De Ensino & 2\\;
\hline Processo De Ensino-Aprendizagem & 2\\;
\hline Professores E Alunos & 2\\;
\hline Programa Residência Pedagógica (Ifba) & 2\\;
\hline Programming Education & 2\\;
\hline Projeto De Banco De Dados & 2\\;
\hline Projeto De Extensão & 2\\;
\hline Proposições & 2\\;
\hline Qualidade & 2\\;
\hline Qualidade De Vida & 2\\;
\hline Raciocínio Lógico & 2\\;
\hline Recurso Didático & 2\\;
\hline Recursos Didáticos & 2\\;
\hline Recursos Digitais & 2\\;
\hline Recursos Educacionais Abertos & 2\\;
\hline Recursos Educacionais Digitais & 2\\;
\hline Recursos Tecnológicos - Educação & 2\\;
\hline Rede Social & 2\\;
\hline Redes Neurais & 2\\;
\hline Redes Neurais Convolucionais & 2\\;
\hline Repositório & 2\\;
\hline Rpg & 2\\;
\hline Scrum & 2\\;
\hline Sistema Web & 2\\;
\hline Sistemas Distribuídos & 2\\;
\hline Sistemas Embarcados & 2\\;
\hline Smartphone & 2\\;
\hline Software - Desenvolvimento & 2\\;
\hline Software Educacional - Ensino Da Matemática & 2\\;
\hline Software Gcompris & 2\\;
\hline Tdah & 2\\;
\hline Tdics & 2\\;
\hline Tecnologia De Informação E Comunicação & 2\\;
\hline Tecnologias Da Informação E Comunicação – Ensino-Aprendizagem & 2\\;
\hline Tecnologias De Informação E Comunicação & 2\\;
\hline Teoria Dos Grafos & 2\\;
\hline Teste & 2\\;
\hline Tic’S Na Educação & 2\\;
\hline Ticuna & 2\\;
\hline Trabalho Remoto & 2\\;
\hline Transgênero & 2\\;
\hline Tuxmath & 2\\;
\hline Uml & 2\\;
\hline Unplugged Computing & 2\\;
\hline Usability Testing & 2\\;
\hline User Experience & 2\\;
\hline Videoconferência & 2\\;
\hline Votações & 2\\;
\hline Webconferência & 2\\;
\hline Website & 2\\;
\hline Whatsapp & 2\\;
\hline Habilidades Socioemocionais & 1\\;
\hline InteligênciaEmocional & 1\\;
\hline Préescola & 1\\;
"\hline 	Acessibilidade Digital & 1\\";
"\hline 	Coding Dojo & 1\\";
"\hline 	Computação - Estudo E Ensino & 1\\";
"\hline 	Cyberbullying - Escola - Pará & 1\\";
"\hline 	Educação - Tecnologia & 1\\";
"\hline 	Educação À Distância - Método & 1\\";
"\hline 	Educação De Jovens E Adultos (Eja) & 1\\";
"\hline 	Educação Especial - Recursos Tecnológicos & 1\\";
"\hline 	Ensino Fundamental - Aprendizagem & 1\\";
"\hline 	Ensino Fundamental - Softwares Educativos & 1\\";
"\hline 	Ensino Fundamental - Tecnologias Educacionais & 1\\";
"\hline 	Ensino Fundamental - Tux Math & 1\\";
"\hline 	Ensino Superior - Evasão & 1\\";
"\hline 	Ensino-Aprendizagem - Aluno & 1\\";
"\hline 	Ferramenta Google Drive & 1\\";
"\hline 	Ferramentas Pedagógicas - Novas Tecnologias & 1\\";
"\hline 	Formação Docente - Escola Pedro Luís De Camargo & 1\\";
"\hline 	Gamificação & 1\\";
"\hline 	Google Earth & 1\\";
"\hline 	Informática – Educação Básica & 1\\";
"\hline 	Informática E Tecnologia Assistiva & 1\\";
"\hline 	Informática Educativa - Campo & 1\\";
"\hline 	Informática Educativa - Pará & 1\\";
"\hline 	Informática Na Educação & 1\\";
"\hline 	Internet - Aspectos Sociais & 1\\";
"\hline 	Internet - Dependência Tecnológica & 1\\";
"\hline 	Jogos Educacionais & 1\\";
"\hline 	Jogos Educativos & 1\\";
"\hline 	Leitura – Método & 1\\";
"\hline 	Letramento Digital & 1\\";
"\hline 	Linguagem De Programação - Ensino & 1\\";
"\hline 	Prática Empreendedora - Universidades & 1\\";
"\hline 	Recursos Tecnológicos & 1\\";
"\hline 	Redes Sociais - Facebook & 1\\";
"\hline 	Robótica Educacional & 1\\";
"\hline 	Sistema De Mineração De Dados & 1\\";
"\hline 	Software Educacional & 1\\";
"\hline 	Software Educacional - Brincando Com Ariê & 1\\";
"\hline 	Software Educativo & 1\\";
"\hline 	Tecnologia Da Informação E Comunicação & 1\\";
"\hline 	Tecnologia Da Informação E Comunicação - Uso & 1\\";
"\hline 	Tecnologia Educacional & 1\\";
"\hline 	Tecnologias Da Informação E Comunicação & 1\\";
"\hline 	Tecnologias De Informação E Comunicação (Tic'S) & 1\\";
"\hline 	Tecnologias Digitais Educacionais & 1\\";
"\hline 	Tecnologias Educacionais & 1\\";
"\hline 	Utilização Do Computador - Ferramenta Pedagógica & 1\\";
\hline 3 Universitária & 1\\;
\hline 802-11 & 1\\;
\hline Abc Sebran & 1\\;
\hline Ação Social & 1\\;
\hline Accessibility & 1\\;
\hline Aceitação & 1\\;
\hline Acessibilidade - Deficientes Visuais & 1\\;
\hline Acessibilidade & 1\\;
\hline Acesso Democrático & 1\\;
\hline Acidentes De Trabalho & 1\\;
\hline Acidentes De Trânsito & 1\\;
\hline Ações Pedagógicas & 1\\;
\hline Acompanhamento Escolar & 1\\;
\hline Active Directory & 1\\;
\hline Adaptabilidade De Software & 1\\;
\hline Adaptação & 1\\;
\hline Adaptive Object Model & 1\\;
\hline Adequabilidade & 1\\;
\hline Adianti Framework & 1\\;
\hline Administração Do Tempo & 1\\;
\hline Adoção Animal & 1\\;
\hline Adoção De Animais & 1\\;
\hline Adolescentes & 1\\;
\hline Affective Computing (Ac) & 1\\;
\hline Ag & 1\\;
\hline Agentes Inteligentes & 1\\;
\hline Agile & 1\\;
\hline Agricultura & 1\\;
\hline Agricultura De Precisão & 1\\;
\hline Agricultura Familiar & 1\\;
\hline Agronegócio & 1\\;
\hline Agrupamento & 1\\;
\hline Agrupamento De Dados & 1\\;
\hline Água & 1\\;
\hline Ajuste Fino De Software & 1\\;
\hline Alcance Do Cliente & 1\\;
\hline Alfabetização - Jovens E Adutos & 1\\;
\hline Alfabetização De Crianças Com Deficiência & 1\\;
\hline Alfabetização De Pessoas Com Deficiência Intelectual & 1\\;
\hline Alfabetização Tecnológica & 1\\;
\hline Algoritmo - Ensino & 1\\;
\hline Algoritmo Genético & 1\\;
\hline Algoritmos Combinatórios & 1\\;
\hline Algoritmos De Armazenamento & 1\\;
\hline Algoritmos De Repetição & 1\\;
\hline Algoritmos Genéticos & 1\\;
\hline Alocação De Slots & 1\\;
\hline Aluno Especial & 1\\;
\hline Aluno Surdo - Inclusão & 1\\;
\hline Alunos - Deficiência Visual & 1\\;
\hline Alunos De Graduação & 1\\;
\hline Alunos Surdos & 1\\;
\hline Ambientar: Cidade & 1\\;
\hline Ambiente De Aprendizagem Virtual & 1\\;
\hline Ambiente Virtual De Ensino & 1\\;
\hline Ambiente Virtual De Ensino E Aprendizagem & 1\\;
\hline Ambiente Vitual & 1\\;
\hline Ambientes Digitais - Interação Social & 1\\;
\hline Amplificação & 1\\;
\hline Analfabytismo & 1\\;
\hline Análise Comparativa & 1\\;
\hline Análise De Aprendizagem & 1\\;
\hline Análise De Desempenho & 1\\;
\hline Análise De Impacto Do Negócio & 1\\;
\hline Análise De Sensibilidade & 1\\;
\hline Análise De Sentimentos & 1\\;
\hline Análise Descritiva & 1\\;
\hline Análise Estática & 1\\;
\hline Análises De Vulnerabilidades & 1\\;
\hline Análises Estatísticas & 1\\;
\hline Android (Recurso Eletrônico) & 1\\;
\hline Animação Interativa & 1\\;
\hline Antropologia Ciborgue & 1\\;
\hline Api & 1\\;
\hline Apis Rest & 1\\;
\hline Aplicação Web & 1\\;
\hline Aplicações Descentralizadas & 1\\;
\hline Aplicações Educacionais & 1\\;
\hline Aplicações Móveis & 1\\;
\hline Aplicatição Movel & 1\\;
\hline Aplicativo Gamificado & 1\\;
\hline Aplicativo Para Dispositivos Android & 1\\;
\hline Aplicativo Educacional & 1\\;
\hline Aplicativos & 1\\;
\hline Aplicativos Educacionais & 1\\;
\hline Aplicativos Híbridos & 1\\;
\hline Apoio Acadêmico & 1\\;
\hline Apoio Pedagógico - Gcompris & 1\\;
\hline App & 1\\;
\hline App Inventor 2 & 1\\;
\hline Appparque & 1\\;
\hline Aprendizado Do Computador & 1\\;
\hline Aprendizado Pro Reforço & 1\\;
\hline Aprendizado Profundo & 1\\;
\hline Aprendizado Significativo & 1\\;
\hline Aprendizagem - Geografia & 1\\;
\hline Aprendizagem Analítica & 1\\;
\hline Aprendizagem Ao Longo Da Vida & 1\\;
\hline Aprendizagem Baseada Em Problemas (Pbl) & 1\\;
\hline Aprendizagem Das Crianças & 1\\;
\hline Aprendizagem De Matemática & 1\\;
\hline Aprendizagem Híbrida & 1\\;
\hline Aprendizagem Interativa & 1\\;
\hline Aprendizagem Profunda & 1\\;
\hline Aprendizagem Ubíqua & 1\\;
\hline Aprendizagembaseadaem Projetos & 1\\;
\hline Aprendizagens & 1\\;
\hline Aquisição Da Leitura & 1\\;
\hline Arcs & 1\\;
\hline Arduino (Controlador Programável) & 1\\;
\hline Arduino E Educação & 1\\;
\hline Área De Saúde & 1\\;
\hline Armazenamento Por Objeto & 1\\;
\hline Arquivo & 1\\;
\hline Arquivologia & 1\\;
\hline Articulação Universidade-Escola & 1\\;
\hline Árvore De Decisão & 1\\;
\hline Árvore De Decomposição & 1\\;
\hline Árvore De Steiner & 1\\;
\hline Ascenção Profissional & 1\\;
\hline Ascensão & 1\\;
\hline Aspectos Cognitivos & 1\\;
\hline Assistência Estudantil & 1\\;
\hline Assistive Technology Resources & 1\\;
\hline Ataques Cibernéticos - Brasil & 1\\;
\hline Atenção Primária À Saúde & 1\\;
\hline Atividades Acadêmicas & 1\\;
\hline Atividades Desplugadas & 1\\;
\hline Atividades Pedagógicas & 1\\;
\hline Auditoria De Sistemas & 1\\;
\hline Aula De Informática & 1\\;
\hline Aumentaty & 1\\;
\hline Aurasma - Aplicativo & 1\\;
\hline Autismguide & 1\\;
\hline Autismo - Recursos Tecnológicos & 1\\;
\hline Automatização & 1\\;
\hline Automatização - Cervejaria & 1\\;
\hline Autonomia Discente & 1\\;
\hline Autorregulação & 1\\;
\hline Avaliação Continuada – Educação & 1\\;
\hline Avaliação De Acessibilidade & 1\\;
\hline Avaliação De Cursos & 1\\;
\hline Avaliação De Desempenho & 1\\;
\hline Avaliação De Interface & 1\\;
\hline Avaliação De Jogo & 1\\;
\hline Avaliação De Jogos & 1\\;
\hline Avaliação De Performance & 1\\;
\hline Avaliação De Riscos & 1\\;
\hline Avaliação Dos Portais & 1\\;
\hline Avaliação Formativa & 1\\;
\hline Avaliação Heurística & 1\\;
\hline Avanços & 1\\;
\hline Aws & 1\\;
\hline Azure & 1\\;
\hline Balanced Scorecard & 1\\;
\hline Banco Central Do Brasil & 1\\;
\hline Banco De Dados Não Relacional & 1\\;
\hline Banco De Objetos Educacionais & 1\\;
\hline Banco Internacional De Objetos Educacionais & 1\\;
\hline Barreiras & 1\\;
\hline Base Nacional Curricular Comum & 1\\;
\hline Base & 1\\;
\hline Basic Education Movement & 1\\;
\hline Bem-Estar & 1\\;
\hline Benefícios & 1\\;
\hline Biblioteca Computacional & 1\\;
\hline Big Data & 1\\;
\hline Bigbluebutton - Ambiente Virtual & 1\\;
\hline Bi-Na-Ri-Oh & 1\\;
\hline Bioinformática & 1\\;
\hline Biologia Celular & 1\\;
\hline Bionimbuz & 1\\;
\hline Biopsicossocial & 1\\;
\hline Bitcoin & 1\\;
\hline Bluetooth & 1\\;
\hline Bolsas & 1\\;
\hline Botânica & 1\\;
\hline Branch And Bound & 1\\;
\hline Bsi & 1\\;
\hline Busca Local Iterada & 1\\;
\hline Busca Por Similaridade & 1\\;
\hline Business Intelligence & 1\\;
\hline Cabeamento & 1\\;
\hline Cache & 1\\;
\hline Cache Colaborativo & 1\\;
\hline Cache De Vídeos & 1\\;
\hline Cache Distribuído & 1\\;
\hline Calc & 1\\;
\hline Câmara Dos Deputados & 1\\;
\hline Capability Maturity Model Integration (Cmmi) & 1\\;
\hline Capacitação De Professores & 1\\;
\hline Capacitação Docente & 1\\;
\hline Capacitação Profissional - Bombeiros Militares & 1\\;
\hline Caracterizacao Ambiental & 1\\;
\hline Caracterização E Rotação Do Nosso Sistema Solar & 1\\;
\hline Caramujos & 1\\;
\hline Carbono & 1\\;
\hline Cariri & 1\\;
\hline Carona Solidária & 1\\;
\hline Cartografia - Ensino - Tecnologias & 1\\;
\hline Cartografia Digital & 1\\;
\hline Casa,  Pombos E Matemática & 1\\;
\hline Causas & 1\\;
\hline Cegueira & 1\\;
\hline Celular - Ferramenta Pedagógica & 1\\;
\hline Censo Da Educação Superior & 1\\;
\hline Centro De Hemoterapia Do Pará (Hemopa) & 1\\;
\hline Chatterbot & 1\\;
\hline Chave Pública & 1\\;
\hline Checkpoint-Restart & 1\\;
\hline Chma & 1\\;
\hline Ciberdemocracia & 1\\;
\hline Ciberespaço & 1\\;
\hline Ciclo De Vida Rea & 1\\;
\hline Cidadania Digital & 1\\;
\hline Ciência Da Computação - Internet & 1\\;
\hline Ciências De Dados & 1\\;
\hline Cif & 1\\;
\hline Cif;Oms & 1\\
\hline Circunstâncias & 1\\;
\hline Classes De Consumo & 1\\;
\hline Classificação & 1\\;
\hline Classroom & 1\\;
\hline Clikideia & 1\\;
\hline Clima & 1\\;
\hline Climática & 1\\;
\hline Cmmi & 1\\;
\hline Cnec Noas & 1\\;
\hline Cod.Org & 1\\;
\hline Codificadores & 1\\;
\hline Código & 1\\;
\hline Código 7-Segmentos & 1\\;
\hline Código Gray & 1\\;
\hline Cognição & 1\\;
\hline Combinação De Modelos De Previsão & 1\\;
\hline Common National Curriculum Base & 1\\;
\hline Comparação & 1\\;
\hline Comparação De Preço & 1\\;
\hline Compartilhamento & 1\\;
\hline Competência Em Informação & 1\\;
\hline Competências & 1\\;
\hline Competências Digitais & 1\\;
\hline Competncia & 1\\;
\hline Complexidade & 1\\;
\hline Comportamento Dos Usuários & 1\\;
\hline Compressão De Arquivos & 1\\;
\hline Computabilidade & 1\\;
\hline Computação - Ensino-Aprendizagem & 1\\;
\hline Computação - Estudo E Ensino - Recursos Audiovisuais & 1\\;
\hline Computação - Estudo E Ensino (Ensino Fundamental) & 1\\;
\hline Computação - Estudo E Ensino (Ensino Médio) & 1\\;
\hline Computação - Grade De Horário Escolar & 1\\;
\hline Computação - Matemática & 1\\;
\hline Computação – Mulheres – Pesquisa & 1\\;
\hline Computação Aplicada & 1\\;
\hline Computação Desplugada & 1\\;
\hline Computação Distribuída & 1\\;
\hline Computação E Educação & 1\\;
\hline Computação Em Gpu & 1\\;
\hline Computação Evolutiva & 1\\;
\hline Computação Física & 1\\;
\hline Computação Na Educação & 1\\;
\hline Computação Ubíqua & 1\\;
\hline Computação Vestível & 1\\;
\hline Computador - Ensino & 1\\;
\hline Computador - Ensino Aprendizagem & 1\\;
\hline Computador - Ensino-Apredizagem & 1\\;
\hline Computador - Ensino-Aprendizagem & 1\\;
\hline Computador - Uso Pedagógico & 1\\;
\hline Computador Interativo & 1\\;
\hline Computador No Ensino & 1\\;
\hline Computational Library & 1\\;
\hline Computational Prototyping & 1\\;
\hline Computer Cards & 1\\;
\hline Computer Class & 1\\;
\hline Computer Networks & 1\\;
\hline Computing In Education & 1\\;
\hline Comunicação Alternativa & 1\\;
\hline Comunicação Funcional & 1\\;
\hline Comunidade Cientí Ca De Si & 1\\;
\hline Comunidade Terapêutica & 1\\;
\hline Comunidades Carentes & 1\\;
\hline Concordância Inter-Anotador & 1\\;
\hline Concorrência & 1\\;
\hline Concurso & 1\\;
\hline Conexão & 1\\;
\hline Conhecimento Empírico & 1\\;
\hline Conhecimento Pedagógico & 1\\;
\hline Conhecimento Prévio & 1\\;
\hline Conquistas Das Mulheres & 1\\;
\hline Constrox & 1\\;
\hline Construtivismo & 1\\;
\hline Consultas Por Similaridade & 1\\;
\hline Consultas Veterinárias & 1\\;
\hline Consumption Classes & 1\\;
\hline Container Docker & 1\\;
\hline Contêineres & 1\\;
\hline Conteúdos Pedagógicos Digitais & 1\\;
\hline Continuidade & 1\\;
\hline Continuing Education & 1\\;
\hline Contribuições & 1\\;
\hline Controle De Acesso & 1\\;
\hline Contruct & 1\\;
\hline Convexidade P3 & 1\\;
\hline Convolutional Neural Network (Cnn) & 1\\;
\hline Corpo De Bombeiros Militar Do Estado Do Pará & 1\\;
\hline Covid - 19 & 1\\;
\hline Covid-19,  Pandemia De 2022 & 1\\;
\hline Crackers & 1\\;
\hline Crianças - Síndrome De Asperger & 1\\;
\hline Crianças - Transtorno Invasivo Do Desenvolvimento & 1\\;
\hline Criatividade & 1\\;
\hline Criptografia & 1\\;
\hline Crises & 1\\;
\hline Cubo Kids App & 1\\;
\hline Cultura Indígena & 1\\;
\hline Currículos - Profissionais Em Computação & 1\\;
\hline Curso & 1\\;
\hline Curso De Habilitação A Sargento & 1\\;
\hline Curvas Elípticas & 1\\;
\hline Dados GeográCos & 1\\;
\hline Dashboards & 1\\;
\hline Data Analysis & 1\\;
\hline Data Exploration & 1\\;
\hline Data Protection & 1\\;
\hline Data Science & 1\\;
\hline Dbscan & 1\\;
\hline Decoupled & 1\\;
\hline Deep Learning & 1\\;
\hline Defasagem - Escolaridade & 1\\;
\hline Defasagem De Conteúdos Na Educação & 1\\;
\hline Deficiência & 1\\;
\hline Deficiência - Aluno - Ensino & 1\\;
\hline Deficiência Cognitiva & 1\\;
\hline Deficiência Física & 1\\;
\hline Deficiência Visual - Ensino Superior & 1\\;
\hline Deficiência Visual - Tecnologias Assitivas & 1\\;
\hline Deficiências - Formação Docente & 1\\;
\hline Deficiente Visual & 1\\;
\hline Deficientes Visuais - Locomoção & 1\\;
\hline Déficit Auditivo & 1\\;
\hline Dengue & 1\\;
\hline Dengue - Arbovirose & 1\\;
\hline Dependência Virtual & 1\\;
\hline Desafio Da Serpente & 1\\;
\hline Desafios E Contribuições & 1\\;
\hline Desempenho & 1\\;
\hline Desempenho Estudantil - Internet- Uso & 1\\;
\hline Desenvolvimento & 1\\;
\hline Desenvolvimento Agil & 1\\;
\hline Desenvolvimento Ágil De Software & 1\\;
\hline Desenvolvimento Cognitivo & 1\\;
\hline Desenvolvimento Da Aprendizagem & 1\\;
\hline Desenvolvimento Da Aprendizagem Autodirigida (Sdl) & 1\\;
\hline Desenvolvimento Da Aprendizagem & 1\\;
\hline Desenvolvimento De Jogos & 1\\;
\hline Desenvolvimento De Software - If Sertão Pe & 1\\;
\hline Desenvolvimento De Softwares & 1\\;
\hline Desenvolvimento Educacional & 1\\;
\hline Desenvolvimento Educacional - Alunos & 1\\;
\hline Desenvolvimento Front-End & 1\\;
\hline Desenvolvimento Profissional & 1\\;
\hline Design De Games & 1\\;
\hline Design Educacional & 1\\;
\hline Design Thinking & 1\\;
\hline Despreparo Docente & 1\\;
\hline Detecção De Covid-19 & 1\\;
\hline Detecção De Objetos & 1\\;
\hline Diabetes Tipo 1 & 1\\;
\hline Diagnóstico Assistido por Computador & 1\\;
\hline Dialogflow & 1\\;
\hline Diário De Classe Digital & 1\\;
\hline Didactic & 1\\;
\hline Dinâmicas De Educação & 1\\;
\hline Direito & 1\\;
\hline Discentes - Avaliação & 1\\;
\hline Disciplinas & 1\\;
\hline Disciplinas Unb & 1\\;
\hline Discriminação & 1\\;
\hline Disparidades Regionais & 1\\;
\hline Dispositivo Móvel & 1\\;
\hline Dispositivos Inteligentes & 1\\;
\hline Dispositivos Tecnológicos - Whatsapp & 1\\;
\hline Distância & 1\\;
\hline Distância De Hamming & 1\\;
\hline Distribuição De Processos Judiciais & 1\\;
\hline Distributed Generation & 1\\;
\hline Distúrbios De Aprendizagem & 1\\;
\hline Diversidade & 1\\;
\hline Dívidas Técnicas & 1\\;
\hline Divulgação Científica & 1\\;
\hline Doce Desafio & 1\\;
\hline Docência Em Informática & 1\\;
\hline Docentes & 1\\;
\hline Docentes - Prática Pedagógica & 1\\;
\hline Docentes - Tecnologia & 1\\;
\hline Docker & 1\\;
\hline Documentos Digitais & 1\\;
\hline Domínio & 1\\;
\hline Dosvox & 1\\;
\hline Down’S Syndrome & 1\\;
\hline Drools & 1\\;
\hline Duolingo & 1\\;
\hline Dw & 1\\;
\hline Ecit & 1\\;
\hline Eco Game - Ferramenta Educacional & 1\\;
\hline Ecossistemas De Aprendizado & 1\\;
\hline E-Democracia & 1\\;
\hline Educação - Aprendizagem & 1\\;
\hline Educação - Ensino & 1\\;
\hline Educação - Formação Docente & 1\\;
\hline Educação - Inserção Da Informática & 1\\;
\hline Educação - Jogos & 1\\;
\hline Educação - Jovens E Adultos & 1\\;
\hline Educação – Linguagem Pragmática & 1\\;
\hline Educação - Resistência Tecnológica & 1\\;
\hline Educação - Software Educativo & 1\\;
\hline Educação - Tecnologias Computacionais & 1\\;
\hline Educação - Uso Do Computador & 1\\;
\hline Educação 4.0 & 1\\;
\hline Educação Á Distância & 1\\;
\hline Educação À Distância (Ead) & 1\\;
\hline Educação Ambiental - Jogo Sério & 1\\;
\hline Educação Ambiental - Tecnologias & 1\\;
\hline Educação Computacional & 1\\;
\hline Educação De Jovens E Adultos - Aprendizagem & 1\\;
\hline Educação De Jovens E Adultos – Ensino-Aprendizagem & 1\\;
\hline Educação De Jovens E Adultos - Evasão Escolar & 1\\;
\hline Educação Digital & 1\\;
\hline Educação Do Campo & 1\\;
\hline Educação E Estado & 1\\;
\hline Educação E Estado - Brasil & 1\\;
\hline Educação Em Programação & 1\\;
\hline Educação Especial - Autismo & 1\\;
\hline Educação Especial – Método & 1\\;
\hline Educação Fundamental - Ensino-Apredizagem & 1\\;
\hline Educação Fundamental – Formação Dos Professores & 1\\;
\hline Educação Fundamental - Marituba – Pará & 1\\;
\hline Educação Fundamental - Recurso Pedagógico & 1\\;
\hline Educação Fundamental - Tecnologias & 1\\;
\hline Educação Fundamental – Tecnologias De Comunicação E Informação & 1\\;
\hline Educação Inclusiva E Formação Continuada & 1\\;
\hline Educação Indígena & 1\\;
\hline Educação Infantil - Aprendizado & 1\\;
\hline Educação Infantil - Avanços Tecnológicos & 1\\;
\hline Educação Infantil – Ensino De Ciências & 1\\;
\hline Educação Infantil - Prática Docente & 1\\;
\hline Educação Infantil - Tecnologias & 1\\;
\hline Educação Infantil – Tecnologias Educativas & 1\\;
\hline Educação Interação & 1\\;
\hline Educação Matemática & 1\\;
\hline Educação Musical & 1\\;
\hline Educação No Campo & 1\\;
\hline Educação Para O Trabalho & 1\\;
\hline Educação Primária & 1\\;
\hline Educação Primária - Deficientes Auditivos & 1\\;
\hline Educação Primária – Uso De Software & 1\\;
\hline Educação Radiofônica & 1\\;
\hline Educação Superior - Tecnologias & 1\\;
\hline Educação Superior - Universidades Públicas & 1\\;
\hline Educação Tecnológica - Educação Superior & 1\\;
\hline Educação Ubíqua & 1\\;
\hline Educador - Ensino-Método & 1\\;
\hline Educador - Era Digital & 1\\;
\hline Educador - Formação Continuada & 1\\;
\hline Educadores - Contribuição Da Tecnologia & 1\\;
\hline Educando & 1\\;
\hline Educational Games & 1\\;
\hline Educativos & 1\\;
\hline Eficácia – Dispositivos Tecnológicos & 1\\;
\hline Eficácia Do Ensino & 1\\;
\hline Eja & 1\\;
\hline Eja - Ensino-Aprendizagem & 1\\;
\hline Eja - Evasão Escolar & 1\\;
\hline Eleições & 1\\;
\hline Elementary Education & 1\\;
\hline Eletrônica & 1\\;
\hline Eletrônica Educativa & 1\\;
\hline Eletrônico & 1\\;
\hline Elicitação De Requisitos & 1\\;
\hline Embaralhado & 1\\;
\hline Emissão & 1\\;
\hline Eml & 1\\;
\hline Emoção & 1\\;
\hline Emotismo & 1\\;
\hline Empreendedorismo & 1\\;
\hline Empreendedorismo - Universitários & 1\\;
\hline Empreendedorismo Digital & 1\\;
\hline Emprego - Licenciatura Em Computação & 1\\;
\hline Empresa De Tecnologia & 1\\;
\hline Empresas & 1\\;
\hline Emulador Arduino & 1\\;
\hline Emuladores (Programas De Computador) & 1\\;
\hline Energia - Consumo & 1\\;
\hline Energia Renovável & 1\\;
\hline Energia Solar Fotovoltaica & 1\\;
\hline Engajamento & 1\\;
\hline Engenharia Agronômica & 1\\;
\hline Engenharia De Produção & 1\\;
\hline Engenharia De Software - Aprendizagem & 1\\;
\hline Engenharia Social & 1\\;
\hline Engine Unity - Jogo Digital & 1\\;
\hline Ensinbo Superior - Tecnologia - Dificuldade & 1\\;
\hline Ensino - Aprendizagem - Ensino Fundamental & 1\\;
\hline Ensino - Aprendizagem - Matemática & 1\\;
\hline Ensino - Ferramenta & 1\\;
\hline Ensino– Aprendizagem & 1\\;
\hline Ensino- Aprendizagem - Breves & 1\\;
\hline Ensino Aprendizagem – Computador & 1\\;
\hline Ensino Aprendizagem – Dispositivos Tecnológicos & 1\\;
\hline Ensino Aprendizagem - Métodos & 1\\;
\hline Ensino De Adição & 1\\;
\hline Ensino De Geografia & 1\\;
\hline Ensino De Geografia - Escola Maria Iranêde Coutinho & 1\\;
\hline Ensino De Geografia - Uso De Novas Tecnologias & 1\\;
\hline Ensino De Informática & 1\\;
\hline Ensino De Informática - Deficiência Intelectual & 1\\;
\hline Ensino De Língua - Libras & 1\\;
\hline Ensino De Língua Portuguesa & 1\\;
\hline Ensino De Lógica & 1\\;
\hline Ensino De Potenciação & 1\\;
\hline Ensino De Química & 1\\;
\hline Ensino De Subtração & 1\\;
\hline Ensino Digital & 1\\;
\hline Ensino E Aprendizagem - Deficientes Visuais & 1\\;
\hline Ensino E Aprendizagem - Eja & 1\\;
\hline Ensino E Aprendizagem - Lúdico & 1\\;
\hline Ensino E Aprendizagem De Línguas & 1\\;
\hline Ensino Entre Pares & 1\\;
\hline Ensino Fundamental - Anajás-Pa & 1\\;
\hline Ensino Fundamental - Aritmética & 1\\;
\hline Ensino Fundamental - Belém & 1\\;
\hline Ensino Fundamental - Breves;Pa & 1\\
\hline Ensino Fundamental - Comunidade Do Planalto & 1\\;
\hline Ensino Fundamental - Ensino De História & 1\\;
\hline Ensino Fundamental - Escola Dom Bosco & 1\\;
\hline Ensino Fundamental - Escola Gomes Moreira Júnior & 1\\;
\hline Ensino Fundamental - Escola O Mundo Da Criança & 1\\;
\hline Ensino Fundamental - Escola Rei Dos Reis & 1\\;
\hline Ensino Fundamental - Goianésia - Pará & 1\\;
\hline Ensino Fundamental - Informática Básica & 1\\;
\hline Ensino Fundamental - Informática Educativa & 1\\;
\hline Ensino Fundamental - Jogos Educativos & 1\\;
\hline Ensino Fundamental - Libras & 1\\;
\hline Ensino Fundamental - Língua Portuguesa & 1\\;
\hline Ensino Fundamental - Município De Almeirim & 1\\;
\hline Ensino Fundamental - Município De Breves & 1\\;
\hline Ensino Fundamental - Município De Porto De Moz & 1\\;
\hline Ensino Fundamental - Município De Xinguara-Pa & 1\\;
\hline Ensino Fundamental - Novas Tecnologias & 1\\;
\hline Ensino Fundamental - Ourém & 1\\;
\hline Ensino Fundamental - Processo De Aprendizagem & 1\\;
\hline Ensino Fundamental - Processo Educativo & 1\\;
\hline Ensino Fundamental - Recursos Didáticos & 1\\;
\hline Ensino Fundamental - Software Educativo Hagáquê & 1\\;
\hline Ensino Fundamental - Tecnologias De Informação E Comunicação & 1\\;
\hline Ensino Fundamental - Tecnologias Educativas & 1\\;
\hline Ensino Fundamental - Tracuateua & 1\\;
\hline Ensino Fundamental - Uso Do Blog & 1\\;
\hline Ensino Fundamental E Scratch & 1\\;
\hline Ensino Hibrido - Educação Superior & 1\\;
\hline Ensino Médio - Métodos De Aprendizagem & 1\\;
\hline Ensino Profissional & 1\\;
\hline Ensino Remoto - Práticas Educativas & 1\\;
\hline Ensino Remoto Emergencial - Práticas Educativas & 1\\;
\hline Ensino Remoto Emergencial (Ere) & 1\\;
\hline Ensino Superior - Dificualdades De Conclusão & 1\\;
\hline Ensino Superior – Ex-Alunos – Avaliação & 1\\;
\hline Ensino;Aprendizagem & 1\\
\hline Ensinoaprendizagem & 1\\;
\hline Ensino-Aprendizagem - Jogos & 1\\;
\hline Ensino-Aprendizagem - Processo & 1\\;
\hline Ensquimol & 1\\;
\hline Entretenimento & 1\\;
\hline Envelhecimento De Software & 1\\;
\hline Epidemiologia & 1\\;
\hline Epidemiology & 1\\;
\hline Equipe Multiprofissional & 1\\;
\hline Erlang Linguagem De Programação & 1\\;
\hline Escala De Usabilidade Do Sistema & 1\\;
\hline Escalonamento De Comparações Biológicas & 1\\;
\hline Escape Room & 1\\;
\hline Escola & 1\\;
\hline Escola Estadual De Ensino Fundamental E Médio Deodoro De Mendonça (Eeefmdm) & 1\\;
\hline Escola Santa Luzia - Município De Portel-Pará & 1\\;
\hline Escolas - Tecnologias Educacionais & 1\\;
\hline Escolas De Ensino Fundamental – Pesquisa & 1\\;
\hline Escolas Indígenas & 1\\;
\hline Escolas Públicas - Brasil & 1\\;
\hline Escolas Públicas - Informatização & 1\\;
\hline Escotismo & 1\\;
\hline Escrita - Desenvolvimento & 1\\;
\hline Espaços Métricos & 1\\;
\hline Espectro Autista & 1\\;
\hline Estatística & 1\\;
\hline Estilos De Aprendizagem & 1\\;
\hline Estilos De Aprendizagem De Discentes & 1\\;
\hline Estimativa De Banda & 1\\;
\hline Estimativa De Densidade Kernel & 1\\;
\hline Estoque & 1\\;
\hline Estratégia & 1\\;
\hline Estratégias De Ensino & 1\\;
\hline Estrutura De Dados Csr & 1\\;
\hline Estruturas De Indexação & 1\\;
\hline Estruturas De Repetição & 1\\;
\hline Estuantes Com Autism & 1\\;
\hline Estuantes Com Autismo & 1\\;
\hline Estudante & 1\\;
\hline Estudantes - Formação & 1\\;
\hline Estudantes Surdos & 1\\;
\hline Estudo & 1\\;
\hline Estudo Com Egressos & 1\\;
\hline Estudo De Egressos & 1\\;
\hline Estudo E Ensino & 1\\;
\hline Ética Em Ia & 1\\;
\hline Evasão Escola & 1\\;
\hline Evolução & 1\\;
\hline Evolução Da Educação & 1\\;
\hline Evolução Da Linguagem & 1\\;
\hline Evolução Das Tvs & 1\\;
\hline Evolução Tecnológica & 1\\;
\hline Exclusão Digital & 1\\;
\hline Execuções Paralelas & 1\\;
\hline Exercícios Gamificado & 1\\;
\hline Experiências Acadêmicas - Universidade Federal Rural Da Amazônia & 1\\;
\hline Exploração De Dados & 1\\;
\hline Facebook - Ferramenta Educacional & 1\\;
\hline Facebook Na Educação & 1\\;
\hline Facial Expression Recognition (Fer) & 1\\;
\hline Fármacos & 1\\;
\hline Feminiquiz & 1\\;
\hline Ferramenta Computacional & 1\\;
\hline Ferramenta De Aprendizagem & 1\\;
\hline Ferramenta De Realidade Aumentada & 1\\;
\hline Ferramenta Educacional & 1\\;
\hline Ferramenta Pedagógica - Computador & 1\\;
\hline Ferramenta Pedagógica - Sofware & 1\\;
\hline Ferramenta Pedagógica - Tecnologias & 1\\;
\hline Ferramenta Tecnológica Pedagógica & 1\\;
\hline Ferramenta Web & 1\\;
\hline Ferramentas Computacionais & 1\\;
\hline Ferramentas Computacionais - Ensino & 1\\;
\hline Ferramentas De Comunicação Virtual & 1\\;
\hline Ferramentas De Ensino E Aprendizagem & 1\\;
\hline Ferramentas De Ensino-Aprendizagem Na Computação & 1\\;
\hline Ferramentas Didático Pedagógicas & 1\\;
\hline Ferramentas Educacionais - Ensino-Aprendizagem & 1\\;
\hline Ferramentas Utilizadas & 1\\;
\hline Fic - Educação & 1\\;
\hline Figma Prototyping & 1\\;
\hline Filatelia & 1\\;
\hline Firewall Tradicional & 1\\;
\hline Fischertechnik & 1\\;
\hline Física - Ensino & 1\\;
\hline Flaras & 1\\;
\hline Floresta Aleatória & 1\\;
\hline Fog Computing & 1\\;
\hline Folder Interativo & 1\\;
\hline Forma Didática Diversificada & 1\\;
\hline Formação Continuada - Bombeiros Militares & 1\\;
\hline Formação Continuada - Professores & 1\\;
\hline Formação Continuada – Professores & 1\\;
\hline Formação Continuada Do Professor & 1\\;
\hline Formação De Professores - Tecnologias Da Informação E Comunicação (Tics) & 1\\;
\hline Formação De Professores De Computação & 1\\;
\hline Formação Do Professor & 1\\;
\hline Formação Docente - Tecnologias & 1\\;
\hline Formação Inicial & 1\\;
\hline Formação Inicial De Professores & 1\\;
\hline Formação Tecnológica - Discentes & 1\\;
\hline Formador & 1\\;
\hline Formal & 1\\;
\hline Fpt & 1\\;
\hline Fração & 1\\;
\hline Framework De Competências & 1\\;
\hline Framework Flutter & 1\\;
\hline Framework Meta E Hiper-Heurístico & 1\\;
\hline Frameworks & 1\\;
\hline Friendica & 1\\;
\hline Função De Fitness & 1\\;
\hline Fundamentos Da Computação & 1\\;
\hline Fundeb & 1\\;
\hline Game Design & 1\\;
\hline Games Educacionais & 1\\;
\hline Gametech & 1\\;
\hline Gamificação Educacional & 1\\;
\hline Gamificação Na Educação & 1\\;
\hline Gather Town & 1\\;
\hline Gcompris - Software & 1\\;
\hline Gcompris - Software Educacional & 1\\;
\hline Gêmeos Digitais & 1\\;
\hline Gênius & 1\\;
\hline Geofísica Forense & 1\\;
\hline Geogebra & 1\\;
\hline Geografia - Metodologias De Ensino & 1\\;
\hline Geografica & 1\\;
\hline Geolocalização & 1\\;
\hline Geometria - Ensino & 1\\;
\hline Geometria Analítica - Ensino & 1\\;
\hline Geometria E Modelagem Computacional & 1\\;
\hline Geoprocessamento & 1\\;
\hline Georreferenciamento & 1\\;
\hline Geração Distribuída & 1\\;
\hline Geradores & 1\\;
\hline Gerenciamento De Identidade E Acesso & 1\\;
\hline Gerenciamento De Partida De Aeroportos & 1\\;
\hline Gestão & 1\\;
\hline Gestão Acadêmica & 1\\;
\hline Gestão De Bibliotecas & 1\\;
\hline Gestão De Fluxo De Produção & 1\\;
\hline Gestão De Locação De Materiais & 1\\;
\hline Gestão De Riscos Em Segurança Da Informação & 1\\;
\hline Gestão Do Tempo & 1\\;
\hline Gestão Rural & 1\\;
\hline Gestor & 1\\;
\hline Ghostbuster (Jogo) & 1\\;
\hline Gmres & 1\\;
\hline Gold Mine & 1\\;
\hline Google Apps & 1\\;
\hline Google Cardboard & 1\\;
\hline Google Classroom & 1\\;
\hline Google Classroom - Ferramenta & 1\\;
\hline Google Classroom E Tics & 1\\;
\hline Google Earth & 1\\;
\hline Google Suite For Education & 1\\;
\hline Governança & 1\\;
\hline Governo Eletrônico & 1\\;
\hline Governo Federal & 1\\;
\hline Graduação - Escolha Profissional & 1\\;
\hline Gráficos & 1\\;
\hline Grafo & 1\\;
\hline Gravação De Vídeo & 1\\;
\hline Greenfoot & 1\\;
\hline Group Policy Object & 1\\;
\hline Guia De Computação Criativa & 1\\;
\hline Habilidades;Competências & 1\\
\hline Hands-On-Tec & 1\\;
\hline Hash Quiz & 1\\;
\hline Heterogeneidade & 1\\;
\hline Heurística & 1\\;
\hline Heurísticas & 1\\;
\hline Heurísticas De Nielsen & 1\\;
\hline Higher Education & 1\\;
\hline Higiene Íntima & 1\\;
\hline Hiper-Heurísticas & 1\\;
\hline História & 1\\;
\hline História Da Paraíba & 1\\;
\hline História Das Tecnologias - Mundo & 1\\;
\hline Historias Em Quadrinhos & 1\\;
\hline Histórias Em Quadrinhos - Educação Infantil & 1\\;
\hline Horta Escolar & 1\\;
\hline Hospita & 1\\;
\hline Hospital Veterinário Da Universidade Federal Rural Da Amazônia (Hovet ) & 1\\;
\hline Ia & 1\\;
\hline Icc & 1\\;
\hline Ict In Education & 1\\;
\hline Ide & 1\\;
\hline Ideação E Desenvolvimento & 1\\;
\hline Ideb & 1\\;
\hline Idiomas & 1\\;
\hline Idoso & 1\\;
\hline Idosos & 1\\;
\hline Ifba & 1\\;
\hline Ifba Campus Santo Amaro & 1\\;
\hline Iglo & 1\\;
\hline Igualdade Na Educação & 1\\;
\hline Igv & 1\\;
\hline Ihc & 1\\;
\hline Imagem Dermatoscópica & 1\\;
\hline Imagens De Feridas & 1\\;
\hline Imersivo & 1\\;
\hline Impacto & 1\\;
\hline Impacto Social & 1\\;
\hline Implementação De Melhorias & 1\\;
\hline Ims & 1\\;
\hline Imunização & 1\\;
\hline Inadimplência & 1\\;
\hline Inclusão - Mundo Do Trabalho & 1\\;
\hline Inclusão Digital - Aluno Surdo & 1\\;
\hline Inclusão Digital - Educação De Jovens E Adultos (Eja) & 1\\;
\hline Inclusão Digital - Eja & 1\\;
\hline Inclusão Digital - Quilombo & 1\\;
\hline Inclusão E Tecnologias & 1\\;
\hline Inclusão Educacional & 1\\;
\hline Inclusão Social & 1\\;
\hline Income Women & 1\\;
\hline Independência & 1\\;
\hline Index Term & 1\\;
\hline Indicadores & 1\\;
\hline Indicadores De Desempenho & 1\\;
\hline Indicadores De Resultados Institucionais & 1\\;
\hline Indicadores Educacionais & 1\\;
\hline Indígenas & 1\\;
\hline Indigenous Schools & 1\\;
\hline Indústria & 1\\;
\hline Indústria Cervejeira & 1\\;
\hline Infomática Na Educação & 1\\;
\hline Informação Da Ufpb & 1\\;
\hline Informação Geográfica & 1\\;
\hline Informações Geográficas - Tecnologias Contemporâneas & 1\\;
\hline Informal & 1\\;
\hline Informática – Educação & 1\\;
\hline Informática - Educação Básica & 1\\;
\hline Informática - Ensino-Aprendizagem & 1\\;
\hline Informática - Leitura & 1\\;
\hline Informática – Professores & 1\\;
\hline Informática (Ensino Fundamental) & 1\\;
\hline Informática Básica - Aprendizagem & 1\\;
\hline Informatica Básica - Ensino & 1\\;
\hline Informática Educativa – Ensino & 1\\;
\hline Informática Educativa - Ensino Aprendizagem & 1\\;
\hline Informática Educativa - Escola Pública & 1\\;
\hline Informática Educativa - Município De Breves & 1\\;
\hline Informática Na Educação - Processo De Ensino-Aprendizagem & 1\\;
\hline Informatics In Education & 1\\;
\hline Information And Communication Technologies & 1\\;
\hline Information And Communication Technology - Ict & 1\\;
\hline Informatização & 1\\;
\hline Informatização Dos Professores - Escola Netelcio Ferreira De Brito & 1\\;
\hline Inglês Instrumental & 1\\;
\hline Iniciação Cientí Ca & 1\\;
\hline Inovação Educacional & 1\\;
\hline Inovações Educacionais & 1\\;
\hline Inovações Educacionais - Brasil & 1\\;
\hline Inserção Da Internet - Processo De Ensino Aprendizagem & 1\\;
\hline Instituições Financeiras & 1\\;
\hline Instrumento Pedagógico - Xhtml & 1\\;
\hline Instrumentos De Apoio À Aprendizagem & 1\\;
\hline Instrumentos Pedagógicos & 1\\;
\hline Insucesso & 1\\;
\hline Insucessos & 1\\;
\hline Insumos Químicos & 1\\;
\hline Integração Curricular & 1\\;
\hline Inteligência Artificial Explicável & 1\\;
\hline Inteligência Artificial & 1\\;
\hline Inteligência Com Base Em Fontes Abertas (Osint) & 1\\;
\hline Inteligência Computacional & 1\\;
\hline Interação Humano & 1\\;
\hline Interações & 1\\;
\hline Interdisciplinaridade,  Laboratório De Informática & 1\\;
\hline Interface & 1\\;
\hline Interface Gráfica De Usuário & 1\\;
\hline Interfaces Gráficas De Usuário & 1\\;
\hline Internet - Educação & 1\\;
\hline Internet - Sala De Aula - Uso & 1\\;
\hline Internet - Uso Indiscriminado & 1\\;
\hline Internet Das Coisas - Mapeamento Sistemático & 1\\;
\hline Internet Das Coisas (Iot) & 1\\;
\hline Internet Das Coisas Robóticas & 1\\;
\hline Internetês - Escrita Virtual & 1\\;
\hline Interrupções & 1\\;
\hline Intervenção Pedagógica & 1\\;
\hline Introdução À Ciência Da Computação & 1\\;
\hline Introspecção & 1\\;
\hline Investigação Ambiental E Forense & 1\\;
\hline Investimento & 1\\;
\hline Iot & 1\\;
\hline Ipv6 & 1\\;
\hline Isolantes Topológicos & 1\\;
\hline Itapororoca & 1\\;
\hline Jade & 1\\;
\hline Java & 1\\;
\hline Java - Linguagem De Programação & 1\\;
\hline Javascript & 1\\;
\hline Jogo De Cartas & 1\\;
\hline Jogo Educativo & 1\\;
\hline Jogo Educativo - Software & 1\\;
\hline Jogo Educativo Gate & 1\\;
\hline Jogo Infantil & 1\\;
\hline Jogo Lúdico Gcompris & 1\\;
\hline Jogo Matemático & 1\\;
\hline Jogo Motivacional & 1\\;
\hline Jogo Sério & 1\\;
\hline Jogo Words & 1\\;
\hline Jogos - Educação Fundamental & 1\\;
\hline Jogos De Tabuleiro & 1\\;
\hline Jogos Educacionais - Ensino-Aprendizagem & 1\\;
\hline Jogos Educacionais - Tuxmath & 1\\;
\hline Jogos Educacionais Digitais & 1\\;
\hline Jogos Educativos - Avaliação & 1\\;
\hline Jogos Educativos - Educação Infantil & 1\\;
\hline Jogos Educativos - Ensino-Aprendizagem & 1\\;
\hline Jogos Educativos Computadorizados & 1\\;
\hline Jogos Educativos Digitais & 1\\;
\hline Jogos Educativos E Aprendizagem & 1\\;
\hline Jogos Interativos & 1\\;
\hline Jogos Lúdicos & 1\\;
\hline Jogos Não Digitais & 1\\;
\hline Jogos Offline - Educação Básica & 1\\;
\hline Jogos Online & 1\\;
\hline Jogos Virtuais - Educativos & 1\\;
\hline Jornalismo De Dados & 1\\;
\hline Jovens - Uso Da Internet & 1\\;
\hline Jovens E Adultos & 1\\;
\hline Kahoot & 1\\;
\hline Kali Linux & 1\\;
\hline Kids & 1\\;
\hline K-Medoids & 1\\;
\hline K-Nearest Neighbors & 1\\;
\hline K-Nn & 1\\;
\hline Labirinto Clássico Angry Birds & 1\\;
\hline Laboratório & 1\\;
\hline Laboratório - Educação Infantil & 1\\;
\hline Laboratório De Informática Educativa - Lie & 1\\;
\hline Laboratório De Química & 1\\;
\hline Laboratório Educativo De Informática & 1\\;
\hline Laboratório Escolar De Informática & 1\\;
\hline Lai & 1\\;
\hline Laptop Educacional & 1\\;
\hline Lcc & 1\\;
\hline Lda & 1\\;
\hline Leaflet & 1\\;
\hline Learning Object & 1\\;
\hline Learning Objects & 1\\;
\hline Learning Vectors & 1\\;
\hline Ledger & 1\\;
\hline Legadodigital & 1\\;
\hline Lei Geral De Proteção De Dados (Lgpd) & 1\\;
\hline Letramento - Método & 1\\;
\hline Libras - Criação De Software & 1\\;
\hline Libras - Ensino – Método & 1\\;
\hline Libras - Software - Ensino & 1\\;
\hline Licenças Abertas & 1\\;
\hline Licenciado Em Computação - Perspectivas & 1\\;
\hline Licenciatura Em Ciência Da Computação & 1\\;
\hline Licenciatura Em Computação - Capitão Poço (Pa) & 1\\;
\hline Licenciatura Em Computação - Formação Docente & 1\\;
\hline Licenciatura Em Computação - Relato De Experiência & 1\\;
\hline Licenciatura Em Computação Tecnologias Digitais De Informação E Comunicação & 1\\;
\hline Licenciatura Em Matemática & 1\\;
\hline Licenciatura Em Matemática Diurno & 1\\;
\hline Língua Brasileira De Sinais & 1\\;
\hline Língua Brasileira De Sinais (Libras) & 1\\;
\hline Língua Inglesa & 1\\;
\hline Língua Portuguesa - Desenvolvimento Cognitivo - Crianças & 1\\;
\hline Lingua Portuguesa - Ensino & 1\\;
\hline Língua Portuguesa - Jogos Educativos & 1\\;
\hline Língua Portuguesa - Norma Culta Padrão & 1\\;
\hline Linguagem & 1\\;
\hline Linguagem Comunicacional Na Educação Fundamental Informática E Educação & 1\\;
\hline Linguagem De Marcação Hipertexto (Xhtml) - Ensino & 1\\;
\hline Linguagem De Modelagem Educacional & 1\\;
\hline Linguagem De Programação - Java & 1\\;
\hline Linguagem De Programação - Log & 1\\;
\hline Linguagem Oral E Escrita Na Educação Fundamental & 1\\;
\hline Linguagens De Programação & 1\\;
\hline Linux Educacional - Ensino Aprendizagem & 1\\;
\hline Lista De Jogos & 1\\;
\hline Literacia Computacional & 1\\;
\hline Literacy & 1\\;
\hline Literatura & 1\\;
\hline Literatura Internacional & 1\\;
\hline Littera & 1\\;
\hline Livros & 1\\;
\hline Lixo Eletrônico & 1\\;
\hline Local De Trabalho & 1\\;
\hline Locomoção Assistida Para Cegos & 1\\;
\hline Lógica Computacional & 1\\;
\hline Logica De Programação & 1\\;
\hline Lógica Simbólica E Matemática & 1\\;
\hline Lógica & 1\\;
\hline Logo - Desenvolvimento Cognitivo - Educação Básica & 1\\;
\hline Lousa Digital & 1\\;
\hline Low & 1\\;
\hline Lti & 1\\;
\hline Ludicidade - Crianças & 1\\;
\hline Lúdico - Ensino & 1\\;
\hline Ludificação & 1\\;
\hline Malária & 1\\;
\hline Manejo Pecuário & 1\\;
\hline Manutenção De Microcomputadores & 1\\;
\hline Mapa Conceitual & 1\\;
\hline Mapas Conceituais & 1\\;
\hline Mapas De Saliências & 1\\;
\hline Mapas Interativos & 1\\;
\hline Mapas Mentais E Estudo De Caso & 1\\;
\hline Mapeamento Sistemático Da Literatura & 1\\;
\hline Mapeamentos & 1\\;
\hline Máquina & 1\\;
\hline Máquina Virtual & 1\\;
\hline Máquinas De Turing & 1\\;
\hline Marituba & 1\\;
\hline Matemática - Ensino Fundamental & 1\\;
\hline Matemática - Jogos Eletrôni & 1\\;
\hline Matemática - Softwares Educativos & 1\\;
\hline Matemática Básica & 1\\;
\hline Matemática Discreta & 1\\;
\hline Matemática & 1\\;
\hline Matemático & 1\\;
\hline Materiais Instrucionais & 1\\;
\hline Material Didático - Mídia Digital & 1\\;
\hline Material Instrucional & 1\\;
\hline Matlibras & 1\\;
\hline Matplotlib & 1\\;
\hline Matrícula & 1\\;
\hline Matriz De Confusão & 1\\;
\hline Matrizes - Ensino & 1\\;
\hline Mcmac & 1\\;
\hline Me & 1\\;
\hline Mec Red & 1\\;
\hline Mecado De Trabalho - Licenciado Em Computação & 1\\;
\hline Media & 1\\;
\hline Mediação Tecnológica & 1\\;
\hline Medida & 1\\;
\hline Medidas De Centralidade & 1\\;
\hline Medidas De Distância & 1\\;
\hline Medidas De Similaridade & 1\\;
\hline Meio Educacional & 1\\;
\hline Meios De Comunicação & 1\\;
\hline Melanoma & 1\\;
\hline Melhoria Continua & 1\\;
\hline Melhorias & 1\\;
\hline Memoização & 1\\;
\hline Memória & 1\\;
\hline Memorial & 1\\;
\hline Mensageiro Instantâneo & 1\\;
\hline Mercado De Trabalho. & 1\\;
\hline Mesorregião - Amazonas & 1\\;
\hline Metadados & 1\\;
\hline Meta-Heurística & 1\\;
\hline Metaheurísticas & 1\\;
\hline Meta-Heurísticas & 1\\;
\hline Metas De Realização E Da Autodeterminação & 1\\;
\hline Metaversidade & 1\\;
\hline Método & 1\\;
\hline Método De Avaliação De Comunicabilidade & 1\\;
\hline Método De Ensino - Aluno Surdo & 1\\;
\hline Método Dos Mínimos Quadrados & 1\\;
\hline Método Eletromagnetic Ground Penetrating Radar (Gpr) & 1\\;
\hline Método Simplex & 1\\;
\hline Método Trezentos & 1\\;
\hline Metodologia De Ensino & 1\\;
\hline Metodologia E Estratégias De Ensino & 1\\;
\hline Metodologia Kanban & 1\\;
\hline Metodologia Qsos & 1\\;
\hline Metodologias Ágeis & 1\\;
\hline Metodologias Ativas De Ensino & 1\\;
\hline Metodologias De Ensino & 1\\;
\hline Metodologias De Ensino Lúdico & 1\\;
\hline Metodologias Pedagógicas & 1\\;
\hline Métodos De Ensino-Aprendizagem - Alunos Surdos & 1\\;
\hline Métodos De Seleção De Pivôs & 1\\;
\hline Métrica De Software & 1\\;
\hline Microempreendedores & 1\\;
\hline Mídia & 1\\;
\hline Mídias Digitais & 1\\;
\hline Mídias Educacionais - Duolingo & 1\\;
\hline Midias Sociais & 1\\;
\hline Migração & 1\\;
\hline Mineração De Dados (Computação) & 1\\;
\hline Mineração De Texto & 1\\;
\hline Misoginia & 1\\;
\hline Mit App Inventor (Programa De Computador) & 1\\;
\hline M-Learning & 1\\;
\hline Mlp & 1\\;
\hline Mobilidade & 1\\;
\hline Mobilidade Pendular & 1\\;
\hline Modelagem 3D & 1\\;
\hline Modelagem De Banco De Dados & 1\\;
\hline Modelagem De Dados - Ensino & 1\\;
\hline Modelagem de software & 1\\;
\hline Modelagem Matemática & 1\\;
\hline Modelagem Uml & 1\\;
\hline Modelo De Maturidade & 1\\;
\hline Modelo Híbrido & 1\\;
\hline Modelo Relacional & 1\\;
\hline Modelos & 1\\;
\hline Modelos Digitais De Terreno & 1\\;
\hline Modelos Hidrológicos & 1\\;
\hline Modernidade & 1\\;
\hline Modernização & 1\\;
\hline Monitoramento & 1\\;
\hline Moodle - Ambiente Virtual & 1\\;
\hline Mosca Branca & 1\\;
\hline Motivação & 1\\;
\hline Motivação Acadêmica & 1\\;
\hline Movimento De Educação De Base & 1\\;
\hline Mulher De Baixa Renda & 1\\;
\hline Mulheres - Cursos Tenológicos & 1\\;
\hline Mulheres - Ensino Superior & 1\\;
\hline Mulheres - Tecnologia Da Informação & 1\\;
\hline Mulheres Com Deficiência Intelectual & 1\\;
\hline Multipaper & 1\\;
\hline Mundo Do Trabalho & 1\\;
\hline Município De Assunção - Pb & 1\\;
\hline Município De Breves - Escola Joaquim Nunes Hortas & 1\\;
\hline Música & 1\\;
\hline Mvc & 1\\;
\hline Mysql & 1\\;
\hline Não Ouvinte & 1\\;
\hline Navegabilidade & 1\\;
\hline Navegação & 1\\;
\hline Navegador Google & 1\\;
\hline Necessidades Educacionais Especiais & 1\\;
\hline Necessidades Educacionais Especiais (Nee) - Alunos & 1\\;
\hline Necessidades Especiais & 1\\;
\hline Negação De Serviço & 1\\;
\hline Negação De Serviço Distribuída & 1\\;
\hline Negócio & 1\\;
\hline Negocios & 1\\;
\hline Neurociência & 1\\;
\hline Ngfw & 1\\;
\hline Nordeste Brasileiro & 1\\;
\hline Notas Escolares - Software Gerenciador & 1\\;
\hline Notificação & 1\\;
\hline Notification & 1\\;
\hline Novas Metodologias De Aprendizagem & 1\\;
\hline Novas Práticas - Ensino-Aprendizado & 1\\;
\hline Novas Tecnologias E Ensino Aprendizagem & 1\\;
\hline Ntic & 1\\;
\hline Ntp & 1\\;
\hline Núcleo Amazônico De Acessibilidade & 1\\;
\hline Núcleo Educacional De Lançamento Didático E Avaliação (Nelda) & 1\\;
\hline Null & 1\\;
\hline Nuvem De Pontos & 1\\;
\hline Nuvem Federada & 1\\;
\hline Nuvens Federadas & 1\\;
\hline O Mestre Da Matemática & 1\\;
\hline Objetoeducacional & 1\\;
\hline Objetos De Aprendizagem & 1\\;
\hline Objetos Educacionais & 1\\;
\hline Observation Of Interaction & 1\\;
\hline Observation Of The Interaction & 1\\;
\hline Obstáculos & 1\\;
\hline Ocr & 1\\;
\hline Oficina Introdutória & 1\\;
\hline Olimpíada Brasileira De Informática & 1\\;
\hline Ontologia & 1\\;
\hline Open Source & 1\\;
\hline Openmeeting & 1\\;
\hline Openredu & 1\\;
\hline Operações Aritméticas Fundamentais & 1\\;
\hline Operações Matemáticas & 1\\;
\hline Operadores Booleanos & 1\\;
\hline Operadores Em Programação & 1\\;
\hline Oportunidades Educacionais & 1\\;
\hline Orange Data Mining & 1\\;
\hline Organizar & 1\\;
\hline Orientação Educacional No Ensino Médio & 1\\;
\hline Otimização Combinatória & 1\\;
\hline Ouvinte & 1\\;
\hline Overloading & 1\\;
\hline Owl & 1\\;
\hline P.E.B.A.City & 1\\;
\hline Pa & 1\\;
\hline Pacote Shiny & 1\\;
\hline Painel Digital & 1\\;
\hline Pandas & 1\\;
\hline Pandemia Da Covid-19 & 1\\;
\hline Pandemia De Covid-19 & 1\\;
\hline Pandemia Do Covid -19 & 1\\;
\hline Panorama & 1\\;
\hline Paradigma & 1\\;
\hline Paradigma Empresarial & 1\\;
\hline Paralelismo & 1\\;
\hline Parfor & 1\\;
\hline Parkour & 1\\;
\hline Participação Popular & 1\\;
\hline Pc & 1\\;
\hline Pcerror & 1\\;
\hline Pedagogia & 1\\;
\hline Pedagógico & 1\\;
\hline Pedofilia Virtual & 1\\;
\hline Pedofilia Virtual – Alunos – Ensino Fundamental & 1\\;
\hline Pedofilia Virtual – Problema Social & 1\\;
\hline Pensamento Computaciona & 1\\;
\hline Percepção & 1\\;
\hline Percepção Visual & 1\\;
\hline Percepções Dos Professores - Uso Das Redes Sociais & 1\\;
\hline Percurso Cognitivo & 1\\;
\hline Perfil De Alunos Com Risco De Evasão & 1\\;
\hline Perfil De Carreira & 1\\;
\hline Perfil Docente & 1\\;
\hline Perfil Dos Cursos & 1\\;
\hline Perfil Dos Egressos & 1\\;
\hline Período Reprodutivo & 1\\;
\hline Pesquisa Bibliográfica & 1\\;
\hline Pesquisa De Egressos & 1\\;
\hline Pesquisa Documental & 1\\;
\hline Pesquisa Exploratória & 1\\;
\hline Pesquisa Qualitativa & 1\\;
\hline Pesquisas & 1\\;
\hline Pessoa Com Deficiência & 1\\;
\hline Pessoas Com Deficiência & 1\\;
\hline Pessoas Com Deficiência Física & 1\\;
\hline Pessoas Com Deficiência Intelectual - Aprendizagem & 1\\;
\hline Petri & 1\\;
\hline Phishing & 1\\;
\hline Photovoltaic Solar Energy & 1\\;
\hline Php & 1\\;
\hline Pibid & 1\\;
\hline Pilar Pessoal & 1\\;
\hline Placa Arduino - Modularização & 1\\;
\hline Planejamento & 1\\;
\hline Planejamento De Aulas & 1\\;
\hline Planejamento Estratégico & 1\\;
\hline Planning Poker & 1\\;
\hline Plataforma De Gestão & 1\\;
\hline Plataforma Elefante Letrado & 1\\;
\hline Plataforma Google Classroom & 1\\;
\hline Plataforma Google Clssroom & 1\\;
\hline Plataforma Moodle & 1\\;
\hline Plataforma Moodle - Tecnologia Educacional & 1\\;
\hline Plataforma Online & 1\\;
\hline Plataforma Web & 1\\;
\hline Plataformas De Aprendizagem & 1\\;
\hline Plataformas Digitais & 1\\;
\hline Plataformas Digitais De Ensino & 1\\;
\hline Podcast – Software Educativo & 1\\;
\hline Policiais & 1\\;
\hline Política Pública & 1\\;
\hline Políticas De Formação Docente & 1\\;
\hline Politicas De Segurança Da Informação & 1\\;
\hline Portais Digitais & 1\\;
\hline Portal Do Professor & 1\\;
\hline Portifólios & 1\\;
\hline Postura & 1\\;
\hline Prática Docente - Tecnologias & 1\\;
\hline Prática Docente – Tecnologias - Melgaço & 1\\;
\hline Prática Pedagógica - Aprendizagem & 1\\;
\hline Prática Pedagógica - Ensino & 1\\;
\hline Prática Pedagógica - Tecnologias Educacionais & 1\\;
\hline Prática Pedagógicas & 1\\;
\hline Práticas Educacionais & 1\\;
\hline Práticas Pedagógicas - Contexto Escolar & 1\\;
\hline Praticidade E Rapidez & 1\\;
\hline Preço & 1\\;
\hline Pré-Condicionador & 1\\;
\hline Predição & 1\\;
\hline Pré-Processamento & 1\\;
\hline Preservação Ambiental & 1\\;
\hline Preservação Digital & 1\\;
\hline Preserve & 1\\;
\hline Prevenção De Doenças & 1\\;
\hline Previsão & 1\\;
\hline Previsões & 1\\;
\hline Princípios Em Ia & 1\\;
\hline Privacidade & 1\\;
\hline Privacidade E Proteção De Dados & 1\\;
\hline Probabilidade & 1\\;
\hline Probabilidade Com Urnas & 1\\;
\hline Problema Da Mochila & 1\\;
\hline Problema De Programação De Horários & 1\\;
\hline Problemas Combinatórios & 1\\;
\hline Problemas Sociais - Crianças & 1\\;
\hline Processamento De Imagens & 1\\;
\hline Processamento De Linguagem Natural & 1\\;
\hline Processamento De Linguagem Natural (Computação) & 1\\;
\hline Processo De Alfabetização & 1\\;
\hline Processo De Aprendizagem & 1\\;
\hline Processo De Avaliação Descritiva & 1\\;
\hline Processo De Criação & 1\\;
\hline Processo De Ensino & 1\\;
\hline Processo De Ensino-Aprendizagem - Escola Fazenda Laranjal & 1\\;
\hline Processo De Ensino-Aprendizagem - Software Educativo & 1\\;
\hline Processo De Ensino-Aprendizagem - Uso De Recursos Tecnológicos & 1\\;
\hline Processo De Ensino-Aprendizagem - Utilização Do Computador & 1\\;
\hline Processo De Negócios & 1\\;
\hline Processo De Ensino E Aprendizagem & 1\\;
\hline Processo Educacional - Multimídia & 1\\;
\hline Processo Educacional - Uso De Tecnologias & 1\\;
\hline Processo Educativo - Tecnologia - Uso & 1\\;
\hline Processo Ensino & 1\\;
\hline Processos & 1\\;
\hline Produtividade & 1\\;
\hline Proeja & 1\\;
\hline Professor – Formação Continuada & 1\\;
\hline Professor - Qualificação & 1\\;
\hline Professor & 1\\;
\hline Professores - Capacitação Docente & 1\\;
\hline Professores - Computadores - Dificuldades & 1\\;
\hline Professores - Ensino Médio & 1\\;
\hline Professores - Formação Continuada & 1\\;
\hline Profissão & 1\\;
\hline Profissionais Da Educação - Práticas Educativas & 1\\;
\hline Profissional Em Computação & 1\\;
\hline Programa De Inovação Em Educação Conectada (Piec) & 1\\;
\hline Programa Institucional De Bolsas De Iniciação À Docência & 1\\;
\hline Programa Mais Ciência Na Escola & 1\\;
\hline Programa Nacional De Controle Da Dengue (Pncd) & 1\\;
\hline Programa Nacional De Tecnologia Educacional (E-Proinfo) - Software & 1\\;
\hline Programa Residência Pedagógica (Prp) - Ufra & 1\\;
\hline Programa Scratch S4A & 1\\;
\hline Programa Social Bolsa Família & 1\\;
\hline Programação - Informática & 1\\;
\hline Programação (Computadores) & 1\\;
\hline Programação (Computadores) - Ensino & 1\\;
\hline Programação Dinâmica & 1\\;
\hline Programação Em Blocos & 1\\;
\hline Programação Introdutória & 1\\;
\hline Programação Linear & 1\\;
\hline Programação Matemática & 1\\;
\hline Programação Orientada A Objetos & 1\\;
\hline Programação Orientada A Objetos (Computação) & 1\\;
\hline Programação Visual & 1\\;
\hline Programação Web & 1\\;
\hline Programação;Codificação & 1\\
\hline Programas De Ação Afirmativa Na Educação & 1\\;
\hline Programas De Computador & 1\\;
\hline Programming Logic & 1\\;
\hline Projeto Besouras Digitais – Ifba Campus Santo Amaro & 1\\;
\hline Projeto De Linguagem & 1\\;
\hline Projeto De Vida & 1\\;
\hline Projeto Sementes Digitais & 1\\;
\hline Projeto Tracy-Td & 1\\;
\hline Projetos & 1\\;
\hline Projetos De Software & 1\\;
\hline Projovem Urbano & 1\\;
\hline Propencom (Jogo) & 1\\;
\hline Prospecção Geofísica & 1\\;
\hline Protocolo Adaptativo & 1\\;
\hline Protocolo De Análise & 1\\;
\hline Protocolos & 1\\;
\hline Prototipação & 1\\;
\hline Prototipação Computacional & 1\\;
\hline Prototipação Figma & 1\\;
\hline Prototipagem & 1\\;
\hline Protótipo & 1\\;
\hline Protótipo - Ambiente De Desenvolvimento Integrado (Ide) & 1\\;
\hline Protótipo Não Funcional & 1\\;
\hline Prouca & 1\\;
\hline Prouni & 1\\;
\hline Public Education & 1\\;
\hline Public Education Network & 1\\;
\hline Public Educational Policies & 1\\;
\hline Py Simple Gui - Software & 1\\;
\hline Python & 1\\;
\hline Python - Linguagem De Programação & 1\\;
\hline Qoe & 1\\;
\hline Qrcode & 1\\;
\hline Quadro E Giz & 1\\;
\hline Qualidade Digital - Laboratório De Informática & 1\\;
\hline Qualificação Docente & 1\\;
\hline Quality Of Life & 1\\;
\hline Quantização & 1\\;
\hline Quis & 1\\;
\hline Raciocínio Computacional & 1\\;
\hline Raciocínio Lógico E Conectivos Lógicos & 1\\;
\hline Radio Education & 1\\;
\hline Rádio Universitária & 1\\;
\hline Ransomware & 1\\;
\hline Raspberry Pi & 1\\;
\hline Raspberry Pi - Microcomputador & 1\\;
\hline Rastreamento & 1\\;
\hline Reações Alérgicas & 1\\;
\hline Reações Medicamentosas & 1\\;
\hline Realidade Aumentada Na Ead & 1\\;
\hline Realidade Virtual E Aumentada Na Educação & 1\\;
\hline Realidade Virtual Na Educação & 1\\;
\hline Reaproveitamento & 1\\;
\hline Recomendação De Artigos & 1\\;
\hline Recôncavo (Ba) & 1\\;
\hline Recuperação De Dados (Computação) & 1\\;
\hline Recurso Pedagógico - Educação Básica & 1\\;
\hline Recurso Pedagógico - Uso Do Computador & 1\\;
\hline Recurso Tecnológico & 1\\;
\hline Recurso Visual & 1\\;
\hline Recursos & 1\\;
\hline Recursos Computacionais - Ferramentas De Ensino & 1\\;
\hline Recursos De Tecnologia Assistiva & 1\\;
\hline Recursos Didáticos - Ensino Fundamental & 1\\;
\hline Recursos Educacionais & 1\\;
\hline Recursos Multimídia - Ensino & 1\\;
\hline Recursos Tecnológicos - Ensino & 1\\;
\hline Redação & 1\\;
\hline Rede De Colaboração Cientí Ca & 1\\;
\hline Rede De Computadores & 1\\;
\hline Rede De Ensino & 1\\;
\hline Rede De Sensores Corporais & 1\\;
\hline Rede De Sensores Sem Fio & 1\\;
\hline Rede Municipal De Ensino De São João De Pirabas & 1\\;
\hline Rede Neutras & 1\\;
\hline Rede Pública De Ensino & 1\\;
\hline Rede Social Educacional & 1\\;
\hline Rede Social Séria & 1\\;
\hline Redes & 1\\;
\hline Redes Bayesianas & 1\\;
\hline Redes De & 1\\;
\hline Redes De Colaboração & 1\\;
\hline Redes Locais & 1\\;
\hline Redes Neurais Artificiais & 1\\;
\hline Redes Sociais - Ferramentas Pedagógicas & 1\\;
\hline Redes Sociais – Pedofilia Virtual & 1\\;
\hline Redes Sociais - Recurso Pedagógico & 1\\;
\hline Redes Sociais - Uso & 1\\;
\hline Redes Sociais - Whatsapp - Uso & 1\\;
\hline Redes Sociais - Youtube - Uso & 1\\;
\hline Redes Sociais Descentralizadas & 1\\;
\hline Redes Sociais Na Educação & 1\\;
\hline Redes & 1\\;
\hline Reestruturação & 1\\;
\hline Refatoração & 1\\;
\hline Refcom & 1\\;
\hline Reflexão & 1\\;
\hline Registro De Vacinas & 1\\;
\hline Registros Eletrônicos De Saúde & 1\\;
\hline Regressão Linear & 1\\;
\hline Reinvenção Da Prática Pedagógica & 1\\;
\hline Relatórios & 1\\;
\hline Remain & 1\\;
\hline Remake & 1\\;
\hline Renderização Baseada Em Pontos & 1\\;
\hline Rendimento Escolar & 1\\;
\hline Replicação Máquina De Estados & 1\\;
\hline Repositório De Conteúdos & 1\\;
\hline Repositório De Jogos & 1\\;
\hline Repositórios Rea & 1\\;
\hline Representação & 1\\;
\hline Representação Cartográfica - Mapas & 1\\;
\hline Reprovação & 1\\;
\hline Requisito & 1\\;
\hline Requisitos Não Funcionais & 1\\;
\hline Resiliência Empresarial & 1\\;
\hline Resolução De Problemas & 1\\;
\hline Resultados & 1\\;
\hline Reuso De Software & 1\\;
\hline Revisão Bibliográfica & 1\\;
\hline Revisão Sistemática & 1\\;
\hline Revisão Sistemática De Literatura & 1\\;
\hline Revisões & 1\\;
\hline Revolução Industrial & 1\\;
\hline Rfid & 1\\;
\hline Rio Tinto - Pb & 1\\;
\hline Risco De Terceiros & 1\\;
\hline Robô Educacional & 1\\;
\hline Robótica - Ensino & 1\\;
\hline Robótica Inteligente & 1\\;
\hline Roda De Emoções De Geneva & 1\\;
\hline ROI & 1\\;
\hline Role-Playing Game & 1\\;
\hline Role-Playing-Game & 1\\;
\hline Roteiro De Avaliação & 1\\;
\hline Roubo De Identidade Digital & 1\\;
\hline Rpg Maker Mv & 1\\;
\hline Sa-Bsn & 1\\;
\hline Sad & 1\\;
\hline Sala De Informática - Ensino & 1\\;
\hline Satisfação Dos Egressos & 1\\;
\hline Satisfação No Trabalho & 1\\;
\hline Saúde & 1\\;
\hline Sbsi & 1\\;
\hline Scaffolding & 1\\;
\hline School Environment & 1\\;
\hline Scilab & 1\\;
\hline Scitb & 1\\;
\hline Scratch - Linguagem De Programação & 1\\;
\hline Scratch (Linguagem De Programação De Computador & 1\\;
\hline Scratch Na Aprendizagem & 1\\;
\hline Secretaria & 1\\;
\hline Segurança De Sistemas E Redes De Computadores & 1\\;
\hline Segurança Digital & 1\\;
\hline Segurança No Acesso & 1\\;
\hline Segurança No Transito & 1\\;
\hline Selenium & 1\\;
\hline Self Service Business Intelligence & 1\\;
\hline Senado & 1\\;
\hline Sensoriamento Remoto & 1\\;
\hline Sentry & 1\\;
\hline Sequestro De Dados & 1\\;
\hline Séries Iniciais & 1\\;
\hline Series Temporais & 1\\;
\hline Séries Temporais Educacionais & 1\\;
\hline Serviços Educacionais & 1\\;
\hline Setor Público & 1\\;
\hline Sgbd & 1\\;
\hline Silveira E Carneiro & 1\\;
\hline Simulação & 1\\;
\hline Simulação Ambiental & 1\\;
\hline Simulador De Disciplinas & 1\\;
\hline Simulador Phet & 1\\;
\hline Simuladores & 1\\;
\hline Síndrome De Asperger & 1\\;
\hline Sindrome De Burnout & 1\\;
\hline Síndrome De Down - Crianças & 1\\;
\hline Síndromes Respiratórias- Jogos & 1\\;
\hline Sinestesia & 1\\;
\hline Sistema Amape & 1\\;
\hline Sistema Binário & 1\\;
\hline Sistema De Gerenciamento Da Aprendizagem & 1\\;
\hline Sistema De Gerenciamento Escolar Com Ênfase Pedagógica (Sigeep) - Software Educacional & 1\\;
\hline Sistema De Gestão Da Aprendizagem & 1\\;
\hline Sistema De Informação & 1\\;
\hline Sistema De Informação De Agravos De Notificação (Sinan) & 1\\;
\hline Sistema De Informação Em Saúde (Sis) & 1\\;
\hline Sistema De Matricula & 1\\;
\hline Sistema De Monitoramento & 1\\;
\hline Sistema De Recomendação & 1\\;
\hline Sistema De Saúde & 1\\;
\hline Sistema De Software & 1\\;
\hline Sistema Educacional & 1\\;
\hline Sistema Educapi & 1\\;
\hline Sistema Endless & 1\\;
\hline Sistema Especialista & 1\\;
\hline Sistema E-Sus Ab & 1\\;
\hline Sistema Financeiro Nacional & 1\\;
\hline Sistema Hibrido & 1\\;
\hline Sistema Iaprendizagem & 1\\;
\hline Sistema Multiagente & 1\\;
\hline Sistema Nacional De Avaliação Da Educação Superior (Brasil) & 1\\;
\hline Sistema Operacional & 1\\;
\hline Sistema Operacional - Linux & 1\\;
\hline Sistemas Auto-Adaptativos & 1\\;
\hline Sistemas De Informação Em Saúde & 1\\;
\hline Sistemas De Informação Gerencial & 1\\;
\hline Sistemas De Memória De Computadores & 1\\;
\hline Sistemas De Recomendação & 1\\;
\hline Sistemas De Recuperação Da Informação – Educação & 1\\;
\hline Sistemas De Segurança Da Informação & 1\\;
\hline Sistemas Digitais & 1\\;
\hline Sistemas Especialistas & 1\\;
\hline Sistemas Multiagentes & 1\\;
\hline Sistemas Nebulosos & 1\\;
\hline Sistemas Operacionais & 1\\;
\hline Sites Da Web - Desenvolvimento & 1\\;
\hline Small Company & 1\\;
\hline Smart Campus & 1\\;
\hline Smart Cities & 1\\;
\hline Smart Como Recurso Pedagógico & 1\\;
\hline Smart Pos & 1\\;
\hline Smartphones & 1\\;
\hline Social Networks & 1\\;
\hline Sociedade Informacional & 1\\;
\hline Socioeducação & 1\\;
\hline Sociologia Do Trabalho & 1\\;
\hline Software “Luz Do Saber Infantil” & 1\\;
\hline Software Ariê2 & 1\\;
\hline Software Da Lego & 1\\;
\hline Software De Gerenciamento & 1\\;
\hline Software Educacionais & 1\\;
\hline Software Educacional - Abc- Blocks & 1\\;
\hline Software Educacional - Aprendizagem De Inglês & 1\\;
\hline Software Educacional - Dosvox & 1\\;
\hline Software Educacional - Ensino Do Português & 1\\;
\hline Software Educacional - Geogebra & 1\\;
\hline Software Educacional - Hagáquê & 1\\;
\hline Software Educacional - Luz Do Saber & 1\\;
\hline Software Educativo - Aprendizagem & 1\\;
\hline Software Educativo - Deficientes Visuais & 1\\;
\hline Software Educativo - Ensino Fundamental & 1\\;
\hline Software Educativo - Escrita & 1\\;
\hline Software Educativo - Formar Palavras & 1\\;
\hline Software Educativo - Gcompris & 1\\;
\hline Software Educativo - Leitura & 1\\;
\hline Software Educativo - Menino Curioso & 1\\;
\hline Software Educativo Hagáquê & 1\\;
\hline Software Educativos & 1\\;
\hline Software Engineering & 1\\;
\hline Software Fracionando & 1\\;
\hline Software Gcompris - Leitura - Aprendizagem & 1\\;
\hline Software Hagáquê & 1\\;
\hline Software Haguaquê - Capacitação Docente & 1\\;
\hline Software Kturtle & 1\\;
\hline Software Livre Educativo & 1\\;
\hline Software Quality & 1\\;
\hline Software R & 1\\;
\hline Software Seterra - Ensino De Geografia & 1\\;
\hline Software Vlibras - Alunos Surdos - Prática Pedagógicas & 1\\;
\hline Softwares De Gestão Escola & 1\\;
\hline Softwares Educacionais - Recurso Pedagógico & 1\\;
\hline Softwares Educacionais (Se) & 1\\;
\hline Softwares Educacional & 1\\;
\hline Softwares Inclusivos & 1\\;
\hline Softwares Livres & 1\\;
\hline Softwaretux Paint & 1\\;
\hline Softwate Hagáquê & 1\\;
\hline Solid Pod & 1\\;
\hline Soluções Tecnológicas & 1\\;
\hline Sonar & 1\\;
\hline Sonarqube & 1\\;
\hline Sotware Somar & 1\\;
\hline Sowork & 1\\;
\hline Spaece & 1\\;
\hline Sparql & 1\\;
\hline Stack Overflow & 1\\;
\hline Sti & 1\\;
\hline Storytelling & 1\\;
\hline Student & 1\\;
\hline Suinocultura & 1\\;
\hline Superações & 1\\;
\hline Superior & 1\\;
\hline Superpixels & 1\\;
\hline Surdez & 1\\;
\hline Surdo & 1\\;
\hline Surdos - Educação & 1\\;
\hline Surdos & 1\\;
\hline Sus & 1\\;
\hline Svm & 1\\;
\hline Tabletes & 1\\;
\hline Tags & 1\\;
\hline Taxonomia De Bloom & 1\\;
\hline Tccs & 1\\;
\hline Tdd & 1\\;
\hline Tdic’S & 1\\;
\hline Teaching And Learning & 1\\;
\hline Teaching Chemistry & 1\\;
\hline Teaching Strategies & 1\\;
\hline Technological Resource & 1\\;
\hline Technology & 1\\;
\hline Technology In Education & 1\\;
\hline Tecnicas & 1\\;
\hline Técnicas & 1\\;
\hline Tecnofeminismo & 1\\;
\hline Tecnologia Agrícola & 1\\;
\hline Tecnologia Assistiva Digital & 1\\;
\hline Tecnologia Da Comunicação E Informação - Educação & 1\\;
\hline Tecnologia Da Informação - Ensino & 1\\;
\hline Tecnologia Da Informação - Práticas Educacionais & 1\\;
\hline Tecnologia Da Informação (Tic) & 1\\;
\hline Tecnologia Da Informação E Comunicação - Educação & 1\\;
\hline Tecnologia Da Informação E Comunicação - Facebook & 1\\;
\hline Tecnologia Da Informação E Comunicação - Tic & 1\\;
\hline Tecnologia Da Informação E Comunicação (Tic’S) & 1\\;
\hline Tecnologia Da Informação E Comunicação (Tics)) & 1\\;
\hline Tecnologia Da Informação E Da Comunicação & 1\\;
\hline Tecnologia Da Informação & 1\\;
\hline Tecnologia De Informação E Comunicação – Ensino & 1\\;
\hline Tecnologia Digital & 1\\;
\hline Tecnologia Digital Da Informação E Comunicação - Tic & 1\\;
\hline Tecnologia Digital & 1\\;
\hline Tecnologia Educacional - Brasil & 1\\;
\hline Tecnologia Educacional - Escola Lauro Sodré & 1\\;
\hline Tecnologia Educacional - Pesquisa & 1\\;
\hline Tecnologia Educional & 1\\;
\hline Tecnologia Inclusiva & 1\\;
\hline Tecnologia Industrial & 1\\;
\hline Tecnologia Mobile & 1\\;
\hline Tecnologia Na Educação & 1\\;
\hline Tecnologia & 1\\;
\hline Tecnologias - Aprendizagem & 1\\;
\hline Tecnologias - Ensino E Aprendizagem & 1\\;
\hline Tecnologias - Laboratório De Informática & 1\\;
\hline Tecnologias - Percepção Discente & 1\\;
\hline Tecnologias - Sala De Aula & 1\\;
\hline Tecnologias Da Informação – Ensino-Aprendizagem & 1\\;
\hline Tecnologias Da Informação E Comunicação - Ensino & 1\\;
\hline Tecnologias Da Informação E Comunicação - Ensino-Aprendizagem - Métodos & 1\\;
\hline Tecnologias Da Informação E Comunicação - Formação Docente & 1\\;
\hline Tecnologias Da Informação E Comunicação (Tic’S) & 1\\;
\hline Tecnologias Da Informação E Comunicação (Tic’S) - Uso & 1\\;
\hline Tecnologias Da Informação E Da Comunicação (Tics) - Uso Pedagógico & 1\\;
\hline Tecnologias De Ensino & 1\\;
\hline Tecnologias De Informação & 1\\;
\hline Tecnologias De Informação E Comunicação – Tics & 1\\;
\hline Tecnologias De Informação E Comunicação (Tic) & 1\\;
\hline Tecnologias De Informação E Comunicação (Tics) - Uso & 1\\;
\hline Tecnologias Digitais - Ensino Superior & 1\\;
\hline Tecnologias Digitais Da Informação E Comunicação & 1\\;
\hline Tecnologias Digitais Da Informação E Comunicação (Tdics) & 1\\;
\hline Tecnologias Digitais De Informações E Comunicações & 1\\;
\hline Tecnologias Educacionais - Ensino-Aprendizagem & 1\\;
\hline Tecnologias Educacionais Assistivas (Teas) & 1\\;
\hline Tecnologias Educacionais Emergentes & 1\\;
\hline Tecnologias Educativas & 1\\;
\hline Tecnologias Educativas – Educação Infantil & 1\\;
\hline Tecnologias Móveis & 1\\;
\hline Tecnologias Na Educação & 1\\;
\hline Tecnologias Para Ead & 1\\;
\hline Tempo & 1\\;
\hline Teoria Crítica Do Valor Do Trabalho & 1\\;
\hline Teoria Da Computação & 1\\;
\hline Teoria De Kolb & 1\\;
\hline Teoria Do Funcional Da Densidade & 1\\;
\hline Teoria Educacional Construcionista & 1\\;
\hline Teste De Intrusão & 1\\;
\hline Teste De Intrusão (Pentest) & 1\\;
\hline Teste De Software & 1\\;
\hline Teste De Usabilidade & 1\\;
\hline Testes & 1\\;
\hline Testes De Usabilidade & 1\\;
\hline Testes Funcionais & 1\\;
\hline Textos Colaborativos & 1\\;
\hline Thematic Analysis & 1\\;
\hline Tic Na Educação & 1\\;
\hline Tic Na Escola E Ensino Inclusivo & 1\\;
\hline Tic'S & 1\\;
\hline Tics – Ensino Fundamental & 1\\;
\hline Tics – Mediação - Ensino Fundamental & 1\\;
\hline Tics Educacionais & 1\\;
\hline Tinkercad & 1\\;
\hline Tolerância A Falhas & 1\\;
\hline Tópico & 1\\;
\hline Trabalho De Conclusão De Curso & 1\\;
\hline Trabalho Imaterial & 1\\;
\hline Trabalhos De Conclusão De Curso & 1\\;
\hline Tracy-Td & 1\\;
\hline Tragédia De Tracunhaém & 1\\;
\hline Training & 1\\;
\hline Trajetória & 1\\;
\hline Transações Financeiras & 1\\;
\hline Transdutor & 1\\;
\hline Transfer Learning (Tl) & 1\\;
\hline Transformação Digital & 1\\;
\hline Transparência & 1\\;
\hline Transparência Pública & 1\\;
\hline Transtorno Do Déficit De Atenção & 1\\;
\hline Transtorno Do Espectro Autista & 1\\;
\hline Transtorno Do Espectro Autista (Tea) & 1\\;
\hline Transtorno Opositivo Desafiador & 1\\;
\hline Trâsito & 1\\;
\hline Trechos Críticos & 1\\;
\hline Treewidth & 1\\;
\hline Treinamento De Profissionais De Saúde - Ensino Remoto & 1\\;
\hline Trending Topics & 1\\;
\hline Tribunal Superior Do Trabalho & 1\\;
\hline Trilha De Aprendizagem & 1\\;
\hline Tropos & 1\\;
\hline Tutoria Da Educação À Distância & 1\\;
\hline Tux Of Math Command - Software Educacional Matemático & 1\\;
\hline Twitter & 1\\;
\hline Uav & 1\\;
\hline Ufpb & 1\\;
\hline Um & 1\\;
\hline Um Estudo Observacional & 1\\;
\hline Uml (Computação) & 1\\;
\hline Unity - Ferramenta & 1\\;
\hline Universi.Me & 1\\;
\hline Universidade Federal Rural Da Amazônia (Ufra) & 1\\;
\hline Universidades Corporativas & 1\\;
\hline University Students & 1\\;
\hline Unpluggamify & 1\\;
\hline Unplugged Computation & 1\\;
\hline Usina Da Paz & 1\\;
\hline Uso & 1\\;
\hline Uso Das Redes Sociais - Ferramenta De Aprendizagem & 1\\;
\hline Uso Das Redes Sociais - Ferramenta De Ensino & 1\\;
\hline Uso Das Tecnologias - Ensino- Aprendizagem & 1\\;
\hline Uso De Tecnologia & 1\\;
\hline Uso Do Computador - Instrumento De Suporte Pedagógico & 1\\;
\hline Usuário Autista & 1\\;
\hline Utilização & 1\\;
\hline Utilização Do Computador - Ensino-Aprendizagem & 1\\;
\hline Utilizando Regressão Logística & 1\\;
\hline Vacina & 1\\;
\hline Validação De Imagens Faciais Digitais & 1\\;
\hline Valor Do Trabalho Em Software & 1\\;
\hline Valorização Do Ensino & 1\\;
\hline Vantage-Point Trees & 1\\;
\hline Veitch-Karnaugh & 1\\;
\hline Vestimenta & 1\\;
\hline Viabilidade & 1\\;
\hline Vídeo Aulas & 1\\;
\hline Videoaulas & 1\\;
\hline Vídeoaulas & 1\\;
\hline Vídeogames & 1\\;
\hline Violência - Escola & 1\\;
\hline Virtual Learning Environment & 1\\;
\hline Virtualização & 1\\;
\hline Vírus & 1\\;
\hline Visual & 1\\;
\hline Visual Impairment & 1\\;
\hline Visualg & 1\\;
\hline Visualização De Grafos & 1\\;
\hline Visualização De Textos & 1\\;
\hline Visualização Gráfica & 1\\;
\hline Visualização Volumétrica & 1\\;
\hline Vizinhança Mais Próxima & 1\\;
\hline Vlibras & 1\\;
\hline Voz & 1\\;
\hline Vulnerabilidade & 1\\;
\hline Web 2.0 & 1\\;
\hline Web Descentralizada & 1\\;
\hline Web Educapi & 1\\;
\hline Web Ontology Model & 1\\;
\hline Web-App - Desenvolvimento & 1\\;
\hline Wifi & 1\\;
\hline Windows & 1\\;
\hline Windows Server & 1\\;
\hline Workflows Científicos & 1\\;
